--------------------------------------------------------
--  File created - szerda-április-27-2022   
--------------------------------------------------------
--------------------------------------------------------
--  DDL for Sequence ALLAS_ADATOK_SEQ
--------------------------------------------------------

   CREATE SEQUENCE  "ALLAS_ADATOK_SEQ"  MINVALUE 1 MAXVALUE 9999999999999999999999999999 INCREMENT BY 1 START WITH 1 CACHE 20 NOORDER  NOCYCLE   ;
--------------------------------------------------------
--  DDL for Sequence ALLAS_JELENTKEZES_SEQ
--------------------------------------------------------

   CREATE SEQUENCE  "ALLAS_JELENTKEZES_SEQ"  MINVALUE 1 MAXVALUE 9999999999999999999999999999 INCREMENT BY 1 START WITH 1 CACHE 20 NOORDER  NOCYCLE   ;
--------------------------------------------------------
--  DDL for Sequence ALLAS_JELENTKEZES_SEQ1
--------------------------------------------------------

   CREATE SEQUENCE  "ALLAS_JELENTKEZES_SEQ1"  MINVALUE 1 MAXVALUE 9999999999999999999999999999 INCREMENT BY 1 START WITH 121 CACHE 20 NOORDER  NOCYCLE   ;
--------------------------------------------------------
--  DDL for Sequence ALLAS_LEHETOSEG_SEQ
--------------------------------------------------------

   CREATE SEQUENCE  "ALLAS_LEHETOSEG_SEQ"  MINVALUE 1 MAXVALUE 9999999999999999999999999999 INCREMENT BY 1 START WITH 21 CACHE 20 NOORDER  NOCYCLE   ;
--------------------------------------------------------
--  DDL for Sequence ALLAS_LEHETOSEG_SEQ1
--------------------------------------------------------

   CREATE SEQUENCE  "ALLAS_LEHETOSEG_SEQ1"  MINVALUE 1 MAXVALUE 9999999999999999999999999999 INCREMENT BY 1 START WITH 21 CACHE 20 NOORDER  NOCYCLE   ;
--------------------------------------------------------
--  DDL for Sequence ISKOLAI_VEGZETTSEGEK_SEQ
--------------------------------------------------------

   CREATE SEQUENCE  "ISKOLAI_VEGZETTSEGEK_SEQ"  MINVALUE 1 MAXVALUE 9999999999999999999999999999 INCREMENT BY 1 START WITH 21 CACHE 20 NOORDER  NOCYCLE   ;
--------------------------------------------------------
--  DDL for Sequence KOZVETITESEK_SEQ
--------------------------------------------------------

   CREATE SEQUENCE  "KOZVETITESEK_SEQ"  MINVALUE 1 MAXVALUE 9999999999999999999999999999 INCREMENT BY 1 START WITH 1 CACHE 20 NOORDER  NOCYCLE   ;
--------------------------------------------------------
--  DDL for Sequence KOZVETITESEK_SEQ1
--------------------------------------------------------

   CREATE SEQUENCE  "KOZVETITESEK_SEQ1"  MINVALUE 1 MAXVALUE 9999999999999999999999999999 INCREMENT BY 1 START WITH 1 CACHE 20 NOORDER  NOCYCLE   ;
--------------------------------------------------------
--  DDL for Sequence KOZVETITO_SEQ
--------------------------------------------------------

   CREATE SEQUENCE  "KOZVETITO_SEQ"  MINVALUE 1 MAXVALUE 9999999999999999999999999999 INCREMENT BY 1 START WITH 1 CACHE 20 NOORDER  NOCYCLE   ;
--------------------------------------------------------
--  DDL for Sequence KOZVETITO_SEQ1
--------------------------------------------------------

   CREATE SEQUENCE  "KOZVETITO_SEQ1"  MINVALUE 1 MAXVALUE 9999999999999999999999999999 INCREMENT BY 1 START WITH 21 CACHE 20 NOORDER  NOCYCLE   ;
--------------------------------------------------------
--  DDL for Sequence KOZVETITO_SEQ2
--------------------------------------------------------

   CREATE SEQUENCE  "KOZVETITO_SEQ2"  MINVALUE 1 MAXVALUE 9999999999999999999999999999 INCREMENT BY 1 START WITH 21 CACHE 20 NOORDER  NOCYCLE   ;
--------------------------------------------------------
--  DDL for Sequence MUNKALTATO_CEG_KATEGORIAK_SEQ
--------------------------------------------------------

   CREATE SEQUENCE  "MUNKALTATO_CEG_KATEGORIAK_SEQ"  MINVALUE 1 MAXVALUE 9999999999999999999999999999 INCREMENT BY 1 START WITH 21 CACHE 20 NOORDER  NOCYCLE   ;
--------------------------------------------------------
--  DDL for Sequence MUNKALTATO_CEG_SEQ
--------------------------------------------------------

   CREATE SEQUENCE  "MUNKALTATO_CEG_SEQ"  MINVALUE 1 MAXVALUE 9999999999999999999999999999 INCREMENT BY 1 START WITH 21 CACHE 20 NOORDER  NOCYCLE   ;
--------------------------------------------------------
--  DDL for Sequence MUNKALTATO_CEG_SEQ1
--------------------------------------------------------

   CREATE SEQUENCE  "MUNKALTATO_CEG_SEQ1"  MINVALUE 1 MAXVALUE 9999999999999999999999999999 INCREMENT BY 1 START WITH 41 CACHE 20 NOORDER  NOCYCLE   ;
--------------------------------------------------------
--  DDL for Sequence MUNKALTATO_CEG_SEQ2
--------------------------------------------------------

   CREATE SEQUENCE  "MUNKALTATO_CEG_SEQ2"  MINVALUE 1 MAXVALUE 9999999999999999999999999999 INCREMENT BY 1 START WITH 41 CACHE 20 NOORDER  NOCYCLE   ;
--------------------------------------------------------
--  DDL for Sequence MUNKALTATO_CEG_SEQ3
--------------------------------------------------------

   CREATE SEQUENCE  "MUNKALTATO_CEG_SEQ3"  MINVALUE 1 MAXVALUE 9999999999999999999999999999 INCREMENT BY 1 START WITH 21 CACHE 20 NOORDER  NOCYCLE   ;
--------------------------------------------------------
--  DDL for Sequence MUNKAVALLALO_KATEGORIAK_SEQ
--------------------------------------------------------

   CREATE SEQUENCE  "MUNKAVALLALO_KATEGORIAK_SEQ"  MINVALUE 1 MAXVALUE 9999999999999999999999999999 INCREMENT BY 1 START WITH 21 CACHE 20 NOORDER  NOCYCLE   ;
--------------------------------------------------------
--  DDL for Sequence MUNKAVALLALO_KATEGORIAK_SEQ1
--------------------------------------------------------

   CREATE SEQUENCE  "MUNKAVALLALO_KATEGORIAK_SEQ1"  MINVALUE 1 MAXVALUE 9999999999999999999999999999 INCREMENT BY 1 START WITH 21 CACHE 20 NOORDER  NOCYCLE   ;
--------------------------------------------------------
--  DDL for Sequence MUNKAVALLALO_KATEGORIAK_SEQ2
--------------------------------------------------------

   CREATE SEQUENCE  "MUNKAVALLALO_KATEGORIAK_SEQ2"  MINVALUE 1 MAXVALUE 9999999999999999999999999999 INCREMENT BY 1 START WITH 21 CACHE 20 NOORDER  NOCYCLE   ;
--------------------------------------------------------
--  DDL for Sequence MUNKAVALLALO_KATEGORIAK_SEQ3
--------------------------------------------------------

   CREATE SEQUENCE  "MUNKAVALLALO_KATEGORIAK_SEQ3"  MINVALUE 1 MAXVALUE 9999999999999999999999999999 INCREMENT BY 1 START WITH 21 CACHE 20 NOORDER  NOCYCLE   ;
--------------------------------------------------------
--  DDL for Sequence MUNKAVALLALO_KATEGORIAK_SEQ4
--------------------------------------------------------

   CREATE SEQUENCE  "MUNKAVALLALO_KATEGORIAK_SEQ4"  MINVALUE 1 MAXVALUE 9999999999999999999999999999 INCREMENT BY 1 START WITH 1 CACHE 20 NOORDER  NOCYCLE   ;
--------------------------------------------------------
--  DDL for Sequence MUNKAVALLALO_SEQ
--------------------------------------------------------

   CREATE SEQUENCE  "MUNKAVALLALO_SEQ"  MINVALUE 1 MAXVALUE 9999999999999999999999999999 INCREMENT BY 1 START WITH 41 CACHE 20 NOORDER  NOCYCLE   ;
--------------------------------------------------------
--  DDL for Sequence MUNKAVALLALO_SEQ1
--------------------------------------------------------

   CREATE SEQUENCE  "MUNKAVALLALO_SEQ1"  MINVALUE 1 MAXVALUE 9999999999999999999999999999 INCREMENT BY 1 START WITH 21 CACHE 20 NOORDER  NOCYCLE   ;
--------------------------------------------------------
--  DDL for Sequence MUNKAVALLALO_SEQ2
--------------------------------------------------------

   CREATE SEQUENCE  "MUNKAVALLALO_SEQ2"  MINVALUE 1 MAXVALUE 9999999999999999999999999999 INCREMENT BY 1 START WITH 101 CACHE 20 NOORDER  NOCYCLE   ;
--------------------------------------------------------
--  DDL for Sequence MUNKAVALLALO_SEQ3
--------------------------------------------------------

   CREATE SEQUENCE  "MUNKAVALLALO_SEQ3"  MINVALUE 1 MAXVALUE 9999999999999999999999999999 INCREMENT BY 1 START WITH 41 CACHE 20 NOORDER  NOCYCLE   ;
--------------------------------------------------------
--  DDL for Sequence MUNKAVALLALO_SEQ4
--------------------------------------------------------

   CREATE SEQUENCE  "MUNKAVALLALO_SEQ4"  MINVALUE 1 MAXVALUE 9999999999999999999999999999 INCREMENT BY 1 START WITH 41 CACHE 20 NOORDER  NOCYCLE   ;
--------------------------------------------------------
--  DDL for Sequence ONELETRAJZ_SEQ
--------------------------------------------------------

   CREATE SEQUENCE  "ONELETRAJZ_SEQ"  MINVALUE 1 MAXVALUE 9999999999999999999999999999 INCREMENT BY 1 START WITH 1 CACHE 20 NOORDER  NOCYCLE   ;
--------------------------------------------------------
--  DDL for Sequence ONELETRAJZ_SEQ1
--------------------------------------------------------

   CREATE SEQUENCE  "ONELETRAJZ_SEQ1"  MINVALUE 1 MAXVALUE 9999999999999999999999999999 INCREMENT BY 1 START WITH 41 CACHE 20 NOORDER  NOCYCLE   ;
--------------------------------------------------------
--  DDL for Sequence SZAKMAI_TAPASZTALAT_SEQ
--------------------------------------------------------

   CREATE SEQUENCE  "SZAKMAI_TAPASZTALAT_SEQ"  MINVALUE 1 MAXVALUE 9999999999999999999999999999 INCREMENT BY 1 START WITH 21 CACHE 20 NOORDER  NOCYCLE   ;
--------------------------------------------------------
--  DDL for Sequence SZAKMAI_TAPASZTALAT_SEQ1
--------------------------------------------------------

   CREATE SEQUENCE  "SZAKMAI_TAPASZTALAT_SEQ1"  MINVALUE 1 MAXVALUE 9999999999999999999999999999 INCREMENT BY 1 START WITH 1 CACHE 20 NOORDER  NOCYCLE   ;
--------------------------------------------------------
--  DDL for Sequence TAPASZTALAT_SEQ
--------------------------------------------------------

   CREATE SEQUENCE  "TAPASZTALAT_SEQ"  MINVALUE 1 MAXVALUE 9999999999999999999999999999 INCREMENT BY 1 START WITH 1 CACHE 20 NOORDER  NOCYCLE   ;
--------------------------------------------------------
--  DDL for Table ALLAS_JELENTKEZES
--------------------------------------------------------

  CREATE TABLE "ALLAS_JELENTKEZES" 
   (	"MV_ADOSZAM" NUMBER, 
	"MC_ADOSZAM" NUMBER, 
	"ID" NUMBER GENERATED ALWAYS AS IDENTITY MINVALUE 1 MAXVALUE 9999999999999999999999999999 INCREMENT BY 1 START WITH 1 CACHE 20 NOORDER  NOCYCLE 
   ) SEGMENT CREATION IMMEDIATE 
  PCTFREE 10 PCTUSED 40 INITRANS 1 MAXTRANS 255 
 NOCOMPRESS LOGGING
  STORAGE(INITIAL 65536 NEXT 1048576 MINEXTENTS 1 MAXEXTENTS 2147483645
  PCTINCREASE 0 FREELISTS 1 FREELIST GROUPS 1
  BUFFER_POOL DEFAULT FLASH_CACHE DEFAULT CELL_FLASH_CACHE DEFAULT)
  TABLESPACE "USERS" ;
--------------------------------------------------------
--  DDL for Table ALLAS_LEHETOSEG
--------------------------------------------------------

  CREATE TABLE "ALLAS_LEHETOSEG" 
   (	"HELYSZIN" VARCHAR2(50 BYTE), 
	"MUSZAK" VARCHAR2(30 BYTE), 
	"LEIRAS" VARCHAR2(200 BYTE), 
	"TIPUS" VARCHAR2(30 BYTE), 
	"MC_ID" NUMBER, 
	"ALLAS_NEV" VARCHAR2(50 BYTE), 
	"KAT_ID" VARCHAR2(20 BYTE), 
	"ID" NUMBER GENERATED ALWAYS AS IDENTITY MINVALUE 1 MAXVALUE 9999999999999999999999999999 INCREMENT BY 1 START WITH 1 CACHE 20 NOORDER  NOCYCLE 
   ) SEGMENT CREATION IMMEDIATE 
  PCTFREE 10 PCTUSED 40 INITRANS 1 MAXTRANS 255 
 NOCOMPRESS LOGGING
  STORAGE(INITIAL 65536 NEXT 1048576 MINEXTENTS 1 MAXEXTENTS 2147483645
  PCTINCREASE 0 FREELISTS 1 FREELIST GROUPS 1
  BUFFER_POOL DEFAULT FLASH_CACHE DEFAULT CELL_FLASH_CACHE DEFAULT)
  TABLESPACE "USERS" ;
--------------------------------------------------------
--  DDL for Table ISKOLAI_VEGZETTSEGEK
--------------------------------------------------------

  CREATE TABLE "ISKOLAI_VEGZETTSEGEK" 
   (	"MEGNEVEZES" VARCHAR2(50 BYTE), 
	"CV_ID" NUMBER GENERATED ALWAYS AS IDENTITY MINVALUE 1 MAXVALUE 9999999999999999999999999999 INCREMENT BY 1 START WITH 1 CACHE 20 NOORDER  NOCYCLE 
   ) SEGMENT CREATION IMMEDIATE 
  PCTFREE 10 PCTUSED 40 INITRANS 1 MAXTRANS 255 
 NOCOMPRESS LOGGING
  STORAGE(INITIAL 65536 NEXT 1048576 MINEXTENTS 1 MAXEXTENTS 2147483645
  PCTINCREASE 0 FREELISTS 1 FREELIST GROUPS 1
  BUFFER_POOL DEFAULT FLASH_CACHE DEFAULT CELL_FLASH_CACHE DEFAULT)
  TABLESPACE "USERS" ;
--------------------------------------------------------
--  DDL for Table KOZVETITESEK
--------------------------------------------------------

  CREATE TABLE "KOZVETITESEK" 
   (	"MV_ID" NUMBER, 
	"KV_ID" NUMBER(*,0), 
	"MC_ID" NUMBER, 
	"ID" NUMBER GENERATED ALWAYS AS IDENTITY MINVALUE 1 MAXVALUE 9999999999999999999999999999 INCREMENT BY 1 START WITH 1 CACHE 20 NOORDER  NOCYCLE 
   ) SEGMENT CREATION IMMEDIATE 
  PCTFREE 10 PCTUSED 40 INITRANS 1 MAXTRANS 255 
 NOCOMPRESS LOGGING
  STORAGE(INITIAL 65536 NEXT 1048576 MINEXTENTS 1 MAXEXTENTS 2147483645
  PCTINCREASE 0 FREELISTS 1 FREELIST GROUPS 1
  BUFFER_POOL DEFAULT FLASH_CACHE DEFAULT CELL_FLASH_CACHE DEFAULT)
  TABLESPACE "USERS" ;
--------------------------------------------------------
--  DDL for Table KOZVETITO
--------------------------------------------------------

  CREATE TABLE "KOZVETITO" 
   (	"MEGNEVEZES" VARCHAR2(50 BYTE), 
	"HELYSZIN" VARCHAR2(50 BYTE), 
	"USERNAME" VARCHAR2(60 BYTE), 
	"KV_ADOSZAM" VARCHAR2(30 BYTE), 
	"ADOSZAM" NUMBER GENERATED ALWAYS AS IDENTITY MINVALUE 1 MAXVALUE 9999999999999999999999999999 INCREMENT BY 1 START WITH 1 CACHE 20 NOORDER  NOCYCLE 
   ) SEGMENT CREATION IMMEDIATE 
  PCTFREE 10 PCTUSED 40 INITRANS 1 MAXTRANS 255 
 NOCOMPRESS LOGGING
  STORAGE(INITIAL 65536 NEXT 1048576 MINEXTENTS 1 MAXEXTENTS 2147483645
  PCTINCREASE 0 FREELISTS 1 FREELIST GROUPS 1
  BUFFER_POOL DEFAULT FLASH_CACHE DEFAULT CELL_FLASH_CACHE DEFAULT)
  TABLESPACE "USERS" ;
--------------------------------------------------------
--  DDL for Table MUNKALTATO_CEG
--------------------------------------------------------

  CREATE TABLE "MUNKALTATO_CEG" 
   (	"NEV" VARCHAR2(50 BYTE), 
	"TELEPHELY" VARCHAR2(50 BYTE), 
	"USERNAME" VARCHAR2(60 BYTE), 
	"KAT_ID" NUMBER, 
	"MC_ADOSZAM" VARCHAR2(20 BYTE), 
	"ADOSZAM" NUMBER GENERATED ALWAYS AS IDENTITY MINVALUE 1 MAXVALUE 9999999999999999999999999999 INCREMENT BY 1 START WITH 1 CACHE 20 NOORDER  NOCYCLE 
   ) SEGMENT CREATION IMMEDIATE 
  PCTFREE 10 PCTUSED 40 INITRANS 1 MAXTRANS 255 
 NOCOMPRESS LOGGING
  STORAGE(INITIAL 65536 NEXT 1048576 MINEXTENTS 1 MAXEXTENTS 2147483645
  PCTINCREASE 0 FREELISTS 1 FREELIST GROUPS 1
  BUFFER_POOL DEFAULT FLASH_CACHE DEFAULT CELL_FLASH_CACHE DEFAULT)
  TABLESPACE "USERS" ;
--------------------------------------------------------
--  DDL for Table MUNKALTATO_CEG_KATEGORIAK
--------------------------------------------------------

  CREATE TABLE "MUNKALTATO_CEG_KATEGORIAK" 
   (	"MEGNEVEZES" VARCHAR2(50 BYTE), 
	"ID" NUMBER GENERATED ALWAYS AS IDENTITY MINVALUE 1 MAXVALUE 9999999999999999999999999999 INCREMENT BY 1 START WITH 1 CACHE 20 NOORDER  NOCYCLE 
   ) SEGMENT CREATION IMMEDIATE 
  PCTFREE 10 PCTUSED 40 INITRANS 1 MAXTRANS 255 
 NOCOMPRESS LOGGING
  STORAGE(INITIAL 65536 NEXT 1048576 MINEXTENTS 1 MAXEXTENTS 2147483645
  PCTINCREASE 0 FREELISTS 1 FREELIST GROUPS 1
  BUFFER_POOL DEFAULT FLASH_CACHE DEFAULT CELL_FLASH_CACHE DEFAULT)
  TABLESPACE "USERS" ;
--------------------------------------------------------
--  DDL for Table MUNKAVALLALO
--------------------------------------------------------

  CREATE TABLE "MUNKAVALLALO" 
   (	"NEM" VARCHAR2(20 BYTE), 
	"SZUL_DATUM" DATE DEFAULT NULL, 
	"LAKCIM" VARCHAR2(50 BYTE) DEFAULT NULL, 
	"NEV" VARCHAR2(20 BYTE), 
	"USERNAME" VARCHAR2(30 BYTE), 
	"KAT_ID" NUMBER, 
	"IV_ID" NUMBER, 
	"SZT_ID" NUMBER, 
	"SZEMELY_SZAM" NUMBER GENERATED ALWAYS AS IDENTITY MINVALUE 1 MAXVALUE 9999999999999999999999999999 INCREMENT BY 1 START WITH 1 CACHE 20 NOORDER  NOCYCLE 
   ) SEGMENT CREATION IMMEDIATE 
  PCTFREE 10 PCTUSED 40 INITRANS 1 MAXTRANS 255 
 NOCOMPRESS LOGGING
  STORAGE(INITIAL 65536 NEXT 1048576 MINEXTENTS 1 MAXEXTENTS 2147483645
  PCTINCREASE 0 FREELISTS 1 FREELIST GROUPS 1
  BUFFER_POOL DEFAULT FLASH_CACHE DEFAULT CELL_FLASH_CACHE DEFAULT)
  TABLESPACE "USERS" ;
--------------------------------------------------------
--  DDL for Table MUNKAVALLALO_KATEGORIAK
--------------------------------------------------------

  CREATE TABLE "MUNKAVALLALO_KATEGORIAK" 
   (	"MEGNEVEZES" VARCHAR2(50 BYTE), 
	"ID" NUMBER GENERATED ALWAYS AS IDENTITY MINVALUE 1 MAXVALUE 9999999999999999999999999999 INCREMENT BY 1 START WITH 1 CACHE 20 NOORDER  NOCYCLE 
   ) SEGMENT CREATION IMMEDIATE 
  PCTFREE 10 PCTUSED 40 INITRANS 1 MAXTRANS 255 
 NOCOMPRESS LOGGING
  STORAGE(INITIAL 65536 NEXT 1048576 MINEXTENTS 1 MAXEXTENTS 2147483645
  PCTINCREASE 0 FREELISTS 1 FREELIST GROUPS 1
  BUFFER_POOL DEFAULT FLASH_CACHE DEFAULT CELL_FLASH_CACHE DEFAULT)
  TABLESPACE "USERS" ;
--------------------------------------------------------
--  DDL for Table ONELETRAJZ
--------------------------------------------------------

  CREATE TABLE "ONELETRAJZ" 
   (	"REFERENCIA" VARCHAR2(300 BYTE), 
	"MV_ID" NUMBER, 
	"ID" NUMBER GENERATED ALWAYS AS IDENTITY MINVALUE 1 MAXVALUE 9999999999999999999999999999 INCREMENT BY 1 START WITH 1 CACHE 20 NOORDER  NOCYCLE 
   ) SEGMENT CREATION IMMEDIATE 
  PCTFREE 10 PCTUSED 40 INITRANS 1 MAXTRANS 255 
 NOCOMPRESS LOGGING
  STORAGE(INITIAL 65536 NEXT 1048576 MINEXTENTS 1 MAXEXTENTS 2147483645
  PCTINCREASE 0 FREELISTS 1 FREELIST GROUPS 1
  BUFFER_POOL DEFAULT FLASH_CACHE DEFAULT CELL_FLASH_CACHE DEFAULT)
  TABLESPACE "USERS" ;
--------------------------------------------------------
--  DDL for Table REGISTER
--------------------------------------------------------

  CREATE TABLE "REGISTER" 
   (	"USERNAME" VARCHAR2(60 BYTE), 
	"REG_DATE" DATE, 
	"MV_ID" NUMBER, 
	"MC_ID" NUMBER, 
	"KV_ID" NUMBER
   ) SEGMENT CREATION IMMEDIATE 
  PCTFREE 10 PCTUSED 40 INITRANS 1 MAXTRANS 255 
 NOCOMPRESS LOGGING
  STORAGE(INITIAL 65536 NEXT 1048576 MINEXTENTS 1 MAXEXTENTS 2147483645
  PCTINCREASE 0 FREELISTS 1 FREELIST GROUPS 1
  BUFFER_POOL DEFAULT FLASH_CACHE DEFAULT CELL_FLASH_CACHE DEFAULT)
  TABLESPACE "USERS" ;
--------------------------------------------------------
--  DDL for Table SZAKMAI_TAPASZTALAT
--------------------------------------------------------

  CREATE TABLE "SZAKMAI_TAPASZTALAT" 
   (	"MEGNEVEZES" VARCHAR2(50 BYTE), 
	"CV_ID" NUMBER GENERATED ALWAYS AS IDENTITY MINVALUE 1 MAXVALUE 9999999999999999999999999999 INCREMENT BY 1 START WITH 1 CACHE 20 NOORDER  NOCYCLE 
   ) SEGMENT CREATION IMMEDIATE 
  PCTFREE 10 PCTUSED 40 INITRANS 1 MAXTRANS 255 
 NOCOMPRESS LOGGING
  STORAGE(INITIAL 65536 NEXT 1048576 MINEXTENTS 1 MAXEXTENTS 2147483645
  PCTINCREASE 0 FREELISTS 1 FREELIST GROUPS 1
  BUFFER_POOL DEFAULT FLASH_CACHE DEFAULT CELL_FLASH_CACHE DEFAULT)
  TABLESPACE "USERS" ;
REM INSERTING into ALLAS_JELENTKEZES
SET DEFINE OFF;
Insert into ALLAS_JELENTKEZES (MV_ADOSZAM,MC_ADOSZAM,ID) values ('2','3','2');
REM INSERTING into ALLAS_LEHETOSEG
SET DEFINE OFF;
Insert into ALLAS_LEHETOSEG (HELYSZIN,MUSZAK,LEIRAS,TIPUS,MC_ID,ALLAS_NEV,KAT_ID,ID) values ('Szeged Irinyi Épület','0:00 - 24:00','Könnyü nagyon','irodai','3','Mérnökinformatika','IT','3');
Insert into ALLAS_LEHETOSEG (HELYSZIN,MUSZAK,LEIRAS,TIPUS,MC_ID,ALLAS_NEV,KAT_ID,ID) values ('Szeged Irinyi Épület','0:00 - 24:00','Easy','irodai','3','Gazdaságinformatika','FINANCE','4');
REM INSERTING into ISKOLAI_VEGZETTSEGEK
SET DEFINE OFF;
Insert into ISKOLAI_VEGZETTSEGEK (MEGNEVEZES,CV_ID) values ('8 általános','1');
Insert into ISKOLAI_VEGZETTSEGEK (MEGNEVEZES,CV_ID) values ('középiskola','2');
Insert into ISKOLAI_VEGZETTSEGEK (MEGNEVEZES,CV_ID) values ('egyetem','3');
Insert into ISKOLAI_VEGZETTSEGEK (MEGNEVEZES,CV_ID) values ('PhD','4');
REM INSERTING into KOZVETITESEK
SET DEFINE OFF;
REM INSERTING into KOZVETITO
SET DEFINE OFF;
REM INSERTING into MUNKALTATO_CEG
SET DEFINE OFF;
Insert into MUNKALTATO_CEG (NEV,TELEPHELY,USERNAME,KAT_ID,MC_ADOSZAM,ADOSZAM) values (null,null,'mk4',null,null,'6');
Insert into MUNKALTATO_CEG (NEV,TELEPHELY,USERNAME,KAT_ID,MC_ADOSZAM,ADOSZAM) values (null,null,'mk2',null,null,'4');
Insert into MUNKALTATO_CEG (NEV,TELEPHELY,USERNAME,KAT_ID,MC_ADOSZAM,ADOSZAM) values (null,null,'mk3',null,null,'5');
Insert into MUNKALTATO_CEG (NEV,TELEPHELY,USERNAME,KAT_ID,MC_ADOSZAM,ADOSZAM) values ('SZTE Szoftverfejlesztés','Szeged Irinyi Épület','mk1','1','12312345642','3');
REM INSERTING into MUNKALTATO_CEG_KATEGORIAK
SET DEFINE OFF;
Insert into MUNKALTATO_CEG_KATEGORIAK (MEGNEVEZES,ID) values ('IT','1');
Insert into MUNKALTATO_CEG_KATEGORIAK (MEGNEVEZES,ID) values ('FINANCE','2');
REM INSERTING into MUNKAVALLALO
SET DEFINE OFF;
Insert into MUNKAVALLALO (NEM,SZUL_DATUM,LAKCIM,NEV,USERNAME,KAT_ID,IV_ID,SZT_ID,SZEMELY_SZAM) values ('férfi',to_date('00-JAN.  -01','RR-MON-DD'),'6500 Baja','Szabó Barnabás','szabarna','1','4','3','2');
Insert into MUNKAVALLALO (NEM,SZUL_DATUM,LAKCIM,NEV,USERNAME,KAT_ID,IV_ID,SZT_ID,SZEMELY_SZAM) values ('férfi',to_date('70-JAN.  -01','RR-MON-DD'),'6500 Baja','Szabó Barnabás','mv1','2','2','2','3');
Insert into MUNKAVALLALO (NEM,SZUL_DATUM,LAKCIM,NEV,USERNAME,KAT_ID,IV_ID,SZT_ID,SZEMELY_SZAM) values ('férfi',to_date('06-JAN.  -01','RR-MON-DD'),'Baja','test1kettő','mv2','2','2','2','4');
REM INSERTING into MUNKAVALLALO_KATEGORIAK
SET DEFINE OFF;
Insert into MUNKAVALLALO_KATEGORIAK (MEGNEVEZES,ID) values ('IT','1');
Insert into MUNKAVALLALO_KATEGORIAK (MEGNEVEZES,ID) values ('FINANCE','2');
REM INSERTING into ONELETRAJZ
SET DEFINE OFF;
Insert into ONELETRAJZ (REFERENCIA,MV_ID,ID) values ('I AM VERY SZORGOS','2','2');
Insert into ONELETRAJZ (REFERENCIA,MV_ID,ID) values ('GOOD BOI','3','3');
Insert into ONELETRAJZ (REFERENCIA,MV_ID,ID) values ('still a kid','4','4');
REM INSERTING into REGISTER
SET DEFINE OFF;
Insert into REGISTER (USERNAME,REG_DATE,MV_ID,MC_ID,KV_ID) values ('mv1',to_date('22-ÁPR.  -27','RR-MON-DD'),'3',null,null);
Insert into REGISTER (USERNAME,REG_DATE,MV_ID,MC_ID,KV_ID) values ('mv2',to_date('22-ÁPR.  -27','RR-MON-DD'),'4',null,null);
Insert into REGISTER (USERNAME,REG_DATE,MV_ID,MC_ID,KV_ID) values ('mk2',to_date('22-ÁPR.  -27','RR-MON-DD'),null,'4',null);
Insert into REGISTER (USERNAME,REG_DATE,MV_ID,MC_ID,KV_ID) values ('mk3',to_date('22-ÁPR.  -27','RR-MON-DD'),null,'5',null);
Insert into REGISTER (USERNAME,REG_DATE,MV_ID,MC_ID,KV_ID) values ('szabarna',to_date('22-ÁPR.  -27','RR-MON-DD'),'2',null,null);
Insert into REGISTER (USERNAME,REG_DATE,MV_ID,MC_ID,KV_ID) values ('mk4',to_date('22-ÁPR.  -27','RR-MON-DD'),null,'6',null);
Insert into REGISTER (USERNAME,REG_DATE,MV_ID,MC_ID,KV_ID) values ('mk1',to_date('22-ÁPR.  -27','RR-MON-DD'),null,'3',null);
REM INSERTING into SZAKMAI_TAPASZTALAT
SET DEFINE OFF;
Insert into SZAKMAI_TAPASZTALAT (MEGNEVEZES,CV_ID) values ('tanuló','1');
Insert into SZAKMAI_TAPASZTALAT (MEGNEVEZES,CV_ID) values ('junior','2');
Insert into SZAKMAI_TAPASZTALAT (MEGNEVEZES,CV_ID) values ('senior','3');
--------------------------------------------------------
--  DDL for Index REGISTER_PK
--------------------------------------------------------

  CREATE UNIQUE INDEX "REGISTER_PK" ON "REGISTER" ("USERNAME") 
  PCTFREE 10 INITRANS 2 MAXTRANS 255 COMPUTE STATISTICS 
  STORAGE(INITIAL 65536 NEXT 1048576 MINEXTENTS 1 MAXEXTENTS 2147483645
  PCTINCREASE 0 FREELISTS 1 FREELIST GROUPS 1
  BUFFER_POOL DEFAULT FLASH_CACHE DEFAULT CELL_FLASH_CACHE DEFAULT)
  TABLESPACE "USERS" ;
--------------------------------------------------------
--  DDL for Index SYS_C0010080
--------------------------------------------------------

  CREATE UNIQUE INDEX "SYS_C0010080" ON "KOZVETITO" ("ADOSZAM") 
  PCTFREE 10 INITRANS 2 MAXTRANS 255 COMPUTE STATISTICS 
  STORAGE(INITIAL 65536 NEXT 1048576 MINEXTENTS 1 MAXEXTENTS 2147483645
  PCTINCREASE 0 FREELISTS 1 FREELIST GROUPS 1
  BUFFER_POOL DEFAULT FLASH_CACHE DEFAULT CELL_FLASH_CACHE DEFAULT)
  TABLESPACE "USERS" ;
--------------------------------------------------------
--  DDL for Index SYS_C0010072
--------------------------------------------------------

  CREATE UNIQUE INDEX "SYS_C0010072" ON "ISKOLAI_VEGZETTSEGEK" ("CV_ID") 
  PCTFREE 10 INITRANS 2 MAXTRANS 255 COMPUTE STATISTICS 
  STORAGE(INITIAL 65536 NEXT 1048576 MINEXTENTS 1 MAXEXTENTS 2147483645
  PCTINCREASE 0 FREELISTS 1 FREELIST GROUPS 1
  BUFFER_POOL DEFAULT FLASH_CACHE DEFAULT CELL_FLASH_CACHE DEFAULT)
  TABLESPACE "USERS" ;
--------------------------------------------------------
--  DDL for Index SYS_C0010092
--------------------------------------------------------

  CREATE UNIQUE INDEX "SYS_C0010092" ON "MUNKAVALLALO" ("SZEMELY_SZAM") 
  PCTFREE 10 INITRANS 2 MAXTRANS 255 COMPUTE STATISTICS 
  STORAGE(INITIAL 65536 NEXT 1048576 MINEXTENTS 1 MAXEXTENTS 2147483645
  PCTINCREASE 0 FREELISTS 1 FREELIST GROUPS 1
  BUFFER_POOL DEFAULT FLASH_CACHE DEFAULT CELL_FLASH_CACHE DEFAULT)
  TABLESPACE "USERS" ;
--------------------------------------------------------
--  DDL for Index SYS_C0010103
--------------------------------------------------------

  CREATE UNIQUE INDEX "SYS_C0010103" ON "ONELETRAJZ" ("ID") 
  PCTFREE 10 INITRANS 2 MAXTRANS 255 COMPUTE STATISTICS 
  STORAGE(INITIAL 65536 NEXT 1048576 MINEXTENTS 1 MAXEXTENTS 2147483645
  PCTINCREASE 0 FREELISTS 1 FREELIST GROUPS 1
  BUFFER_POOL DEFAULT FLASH_CACHE DEFAULT CELL_FLASH_CACHE DEFAULT)
  TABLESPACE "USERS" ;
--------------------------------------------------------
--  DDL for Index SYS_C0010088
--------------------------------------------------------

  CREATE UNIQUE INDEX "SYS_C0010088" ON "MUNKALTATO_CEG_KATEGORIAK" ("ID") 
  PCTFREE 10 INITRANS 2 MAXTRANS 255 COMPUTE STATISTICS 
  STORAGE(INITIAL 65536 NEXT 1048576 MINEXTENTS 1 MAXEXTENTS 2147483645
  PCTINCREASE 0 FREELISTS 1 FREELIST GROUPS 1
  BUFFER_POOL DEFAULT FLASH_CACHE DEFAULT CELL_FLASH_CACHE DEFAULT)
  TABLESPACE "USERS" ;
--------------------------------------------------------
--  DDL for Index ALLAS_LEHETOSEG_PK
--------------------------------------------------------

  CREATE UNIQUE INDEX "ALLAS_LEHETOSEG_PK" ON "ALLAS_LEHETOSEG" ("ID") 
  PCTFREE 10 INITRANS 2 MAXTRANS 255 COMPUTE STATISTICS 
  STORAGE(INITIAL 65536 NEXT 1048576 MINEXTENTS 1 MAXEXTENTS 2147483645
  PCTINCREASE 0 FREELISTS 1 FREELIST GROUPS 1
  BUFFER_POOL DEFAULT FLASH_CACHE DEFAULT CELL_FLASH_CACHE DEFAULT)
  TABLESPACE "USERS" ;
--------------------------------------------------------
--  DDL for Index SYS_C0010084
--------------------------------------------------------

  CREATE UNIQUE INDEX "SYS_C0010084" ON "MUNKALTATO_CEG" ("ADOSZAM") 
  PCTFREE 10 INITRANS 2 MAXTRANS 255 COMPUTE STATISTICS 
  STORAGE(INITIAL 65536 NEXT 1048576 MINEXTENTS 1 MAXEXTENTS 2147483645
  PCTINCREASE 0 FREELISTS 1 FREELIST GROUPS 1
  BUFFER_POOL DEFAULT FLASH_CACHE DEFAULT CELL_FLASH_CACHE DEFAULT)
  TABLESPACE "USERS" ;
--------------------------------------------------------
--  DDL for Index SYS_C0010095
--------------------------------------------------------

  CREATE UNIQUE INDEX "SYS_C0010095" ON "MUNKAVALLALO_KATEGORIAK" ("ID") 
  PCTFREE 10 INITRANS 2 MAXTRANS 255 COMPUTE STATISTICS 
  STORAGE(INITIAL 65536 NEXT 1048576 MINEXTENTS 1 MAXEXTENTS 2147483645
  PCTINCREASE 0 FREELISTS 1 FREELIST GROUPS 1
  BUFFER_POOL DEFAULT FLASH_CACHE DEFAULT CELL_FLASH_CACHE DEFAULT)
  TABLESPACE "USERS" ;
--------------------------------------------------------
--  DDL for Index KOZVETITESEK_PK1
--------------------------------------------------------

  CREATE UNIQUE INDEX "KOZVETITESEK_PK1" ON "KOZVETITESEK" ("ID") 
  PCTFREE 10 INITRANS 2 MAXTRANS 255 COMPUTE STATISTICS 
  STORAGE(INITIAL 65536 NEXT 1048576 MINEXTENTS 1 MAXEXTENTS 2147483645
  PCTINCREASE 0 FREELISTS 1 FREELIST GROUPS 1
  BUFFER_POOL DEFAULT FLASH_CACHE DEFAULT CELL_FLASH_CACHE DEFAULT)
  TABLESPACE "USERS" ;
--------------------------------------------------------
--  DDL for Index SYS_C0010069
--------------------------------------------------------

  CREATE UNIQUE INDEX "SYS_C0010069" ON "ALLAS_JELENTKEZES" ("ID") 
  PCTFREE 10 INITRANS 2 MAXTRANS 255 COMPUTE STATISTICS 
  STORAGE(INITIAL 65536 NEXT 1048576 MINEXTENTS 1 MAXEXTENTS 2147483645
  PCTINCREASE 0 FREELISTS 1 FREELIST GROUPS 1
  BUFFER_POOL DEFAULT FLASH_CACHE DEFAULT CELL_FLASH_CACHE DEFAULT)
  TABLESPACE "USERS" ;
--------------------------------------------------------
--  DDL for Index SYS_C0010106
--------------------------------------------------------

  CREATE UNIQUE INDEX "SYS_C0010106" ON "SZAKMAI_TAPASZTALAT" ("CV_ID") 
  PCTFREE 10 INITRANS 2 MAXTRANS 255 COMPUTE STATISTICS 
  STORAGE(INITIAL 65536 NEXT 1048576 MINEXTENTS 1 MAXEXTENTS 2147483645
  PCTINCREASE 0 FREELISTS 1 FREELIST GROUPS 1
  BUFFER_POOL DEFAULT FLASH_CACHE DEFAULT CELL_FLASH_CACHE DEFAULT)
  TABLESPACE "USERS" ;
--------------------------------------------------------
--  DDL for Trigger BEFORE_REG_INSERT_OR_UPDATE
--------------------------------------------------------

  CREATE OR REPLACE EDITIONABLE TRIGGER "BEFORE_REG_INSERT_OR_UPDATE" 
BEFORE INSERT OR UPDATE ON REGISTER
FOR EACH ROW
BEGIN
    IF (:NEW.mv_id = null and :NEW.mc_id = null and :NEW.kv_id = null) THEN
        RAISE_APPLICATION_ERROR(-20001, 'All 3 values are null');
    END IF;
END;
/
ALTER TRIGGER "BEFORE_REG_INSERT_OR_UPDATE" ENABLE;
--------------------------------------------------------
--  DDL for Trigger ONKV_INSERT
--------------------------------------------------------

  CREATE OR REPLACE EDITIONABLE TRIGGER "ONKV_INSERT" 
after insert on kozvetito
for each row
begin
    update register set kv_id = :NEW.adoszam WHERE username = :NEW.username;
end;



/
ALTER TRIGGER "ONKV_INSERT" ENABLE;
--------------------------------------------------------
--  DDL for Trigger ONMC_INSERT
--------------------------------------------------------

  CREATE OR REPLACE EDITIONABLE TRIGGER "ONMC_INSERT" 
after insert on munkaltato_ceg
for each row
begin
    update register set mc_id = :NEW.adoszam WHERE username = :NEW.username;
end;



/
ALTER TRIGGER "ONMC_INSERT" ENABLE;
--------------------------------------------------------
--  DDL for Trigger ONMV_INSERT
--------------------------------------------------------

  CREATE OR REPLACE EDITIONABLE TRIGGER "ONMV_INSERT" 
after insert on munkavallalo
for each row
begin
    update register set mv_id = :NEW.szemely_szam WHERE username = :NEW.username;
    insert into oneletrajz (mv_id) values (:NEW.szemely_szam);
end;
/
ALTER TRIGGER "ONMV_INSERT" ENABLE;
--------------------------------------------------------
--  DDL for Trigger ONREGISTER
--------------------------------------------------------

  CREATE OR REPLACE EDITIONABLE TRIGGER "ONREGISTER" 
AFTER INSERT ON REGISTER
BEGIN
    UPDATE REGISTER SET reg_date = CURRENT_DATE;
END;
/
ALTER TRIGGER "ONREGISTER" ENABLE;
--------------------------------------------------------
--  Constraints for Table ALLAS_JELENTKEZES
--------------------------------------------------------

  ALTER TABLE "ALLAS_JELENTKEZES" ADD CONSTRAINT "ALLAS_JELENTKEZES_PK" PRIMARY KEY ("ID")
  USING INDEX PCTFREE 10 INITRANS 2 MAXTRANS 255 COMPUTE STATISTICS 
  STORAGE(INITIAL 65536 NEXT 1048576 MINEXTENTS 1 MAXEXTENTS 2147483645
  PCTINCREASE 0 FREELISTS 1 FREELIST GROUPS 1
  BUFFER_POOL DEFAULT FLASH_CACHE DEFAULT CELL_FLASH_CACHE DEFAULT)
  TABLESPACE "USERS"  ENABLE;
  ALTER TABLE "ALLAS_JELENTKEZES" MODIFY ("MV_ADOSZAM" NOT NULL ENABLE);
  ALTER TABLE "ALLAS_JELENTKEZES" MODIFY ("MC_ADOSZAM" NOT NULL ENABLE);
  ALTER TABLE "ALLAS_JELENTKEZES" MODIFY ("ID" NOT NULL ENABLE);
--------------------------------------------------------
--  Constraints for Table SZAKMAI_TAPASZTALAT
--------------------------------------------------------

  ALTER TABLE "SZAKMAI_TAPASZTALAT" ADD CONSTRAINT "SZAKMAI_TAPASZTALAT_PK" PRIMARY KEY ("CV_ID")
  USING INDEX PCTFREE 10 INITRANS 2 MAXTRANS 255 COMPUTE STATISTICS 
  STORAGE(INITIAL 65536 NEXT 1048576 MINEXTENTS 1 MAXEXTENTS 2147483645
  PCTINCREASE 0 FREELISTS 1 FREELIST GROUPS 1
  BUFFER_POOL DEFAULT FLASH_CACHE DEFAULT CELL_FLASH_CACHE DEFAULT)
  TABLESPACE "USERS"  ENABLE;
  ALTER TABLE "SZAKMAI_TAPASZTALAT" MODIFY ("CV_ID" NOT NULL ENABLE);
--------------------------------------------------------
--  Constraints for Table KOZVETITO
--------------------------------------------------------

  ALTER TABLE "KOZVETITO" ADD CONSTRAINT "KOZVETITO_PK" PRIMARY KEY ("ADOSZAM")
  USING INDEX PCTFREE 10 INITRANS 2 MAXTRANS 255 COMPUTE STATISTICS 
  STORAGE(INITIAL 65536 NEXT 1048576 MINEXTENTS 1 MAXEXTENTS 2147483645
  PCTINCREASE 0 FREELISTS 1 FREELIST GROUPS 1
  BUFFER_POOL DEFAULT FLASH_CACHE DEFAULT CELL_FLASH_CACHE DEFAULT)
  TABLESPACE "USERS"  ENABLE;
  ALTER TABLE "KOZVETITO" MODIFY ("ADOSZAM" NOT NULL ENABLE);
--------------------------------------------------------
--  Constraints for Table MUNKAVALLALO_KATEGORIAK
--------------------------------------------------------

  ALTER TABLE "MUNKAVALLALO_KATEGORIAK" ADD CONSTRAINT "MUNKAVALLALO_KATEGORIAK_PK" PRIMARY KEY ("ID")
  USING INDEX PCTFREE 10 INITRANS 2 MAXTRANS 255 COMPUTE STATISTICS 
  STORAGE(INITIAL 65536 NEXT 1048576 MINEXTENTS 1 MAXEXTENTS 2147483645
  PCTINCREASE 0 FREELISTS 1 FREELIST GROUPS 1
  BUFFER_POOL DEFAULT FLASH_CACHE DEFAULT CELL_FLASH_CACHE DEFAULT)
  TABLESPACE "USERS"  ENABLE;
  ALTER TABLE "MUNKAVALLALO_KATEGORIAK" MODIFY ("ID" NOT NULL ENABLE);
--------------------------------------------------------
--  Constraints for Table ONELETRAJZ
--------------------------------------------------------

  ALTER TABLE "ONELETRAJZ" MODIFY ("MV_ID" NOT NULL ENABLE);
  ALTER TABLE "ONELETRAJZ" ADD CONSTRAINT "ONELETRAJZ_PK" PRIMARY KEY ("ID")
  USING INDEX PCTFREE 10 INITRANS 2 MAXTRANS 255 COMPUTE STATISTICS 
  STORAGE(INITIAL 65536 NEXT 1048576 MINEXTENTS 1 MAXEXTENTS 2147483645
  PCTINCREASE 0 FREELISTS 1 FREELIST GROUPS 1
  BUFFER_POOL DEFAULT FLASH_CACHE DEFAULT CELL_FLASH_CACHE DEFAULT)
  TABLESPACE "USERS"  ENABLE;
  ALTER TABLE "ONELETRAJZ" MODIFY ("ID" NOT NULL ENABLE);
--------------------------------------------------------
--  Constraints for Table ALLAS_LEHETOSEG
--------------------------------------------------------

  ALTER TABLE "ALLAS_LEHETOSEG" ADD CONSTRAINT "ALLAS_LEHETOSEG_PK" PRIMARY KEY ("ID")
  USING INDEX PCTFREE 10 INITRANS 2 MAXTRANS 255 COMPUTE STATISTICS 
  STORAGE(INITIAL 65536 NEXT 1048576 MINEXTENTS 1 MAXEXTENTS 2147483645
  PCTINCREASE 0 FREELISTS 1 FREELIST GROUPS 1
  BUFFER_POOL DEFAULT FLASH_CACHE DEFAULT CELL_FLASH_CACHE DEFAULT)
  TABLESPACE "USERS"  ENABLE;
  ALTER TABLE "ALLAS_LEHETOSEG" MODIFY ("MC_ID" NOT NULL ENABLE);
  ALTER TABLE "ALLAS_LEHETOSEG" MODIFY ("ID" NOT NULL ENABLE);
--------------------------------------------------------
--  Constraints for Table MUNKALTATO_CEG_KATEGORIAK
--------------------------------------------------------

  ALTER TABLE "MUNKALTATO_CEG_KATEGORIAK" ADD CONSTRAINT "MUNKALTATO_CEG_KATEGORIAK_PK" PRIMARY KEY ("ID")
  USING INDEX PCTFREE 10 INITRANS 2 MAXTRANS 255 COMPUTE STATISTICS 
  STORAGE(INITIAL 65536 NEXT 1048576 MINEXTENTS 1 MAXEXTENTS 2147483645
  PCTINCREASE 0 FREELISTS 1 FREELIST GROUPS 1
  BUFFER_POOL DEFAULT FLASH_CACHE DEFAULT CELL_FLASH_CACHE DEFAULT)
  TABLESPACE "USERS"  ENABLE;
  ALTER TABLE "MUNKALTATO_CEG_KATEGORIAK" MODIFY ("ID" NOT NULL ENABLE);
--------------------------------------------------------
--  Constraints for Table MUNKAVALLALO
--------------------------------------------------------

  ALTER TABLE "MUNKAVALLALO" ADD CONSTRAINT "MUNKAVALLALO_PK" PRIMARY KEY ("SZEMELY_SZAM")
  USING INDEX PCTFREE 10 INITRANS 2 MAXTRANS 255 COMPUTE STATISTICS 
  STORAGE(INITIAL 65536 NEXT 1048576 MINEXTENTS 1 MAXEXTENTS 2147483645
  PCTINCREASE 0 FREELISTS 1 FREELIST GROUPS 1
  BUFFER_POOL DEFAULT FLASH_CACHE DEFAULT CELL_FLASH_CACHE DEFAULT)
  TABLESPACE "USERS"  ENABLE;
  ALTER TABLE "MUNKAVALLALO" MODIFY ("SZEMELY_SZAM" NOT NULL ENABLE);
--------------------------------------------------------
--  Constraints for Table MUNKALTATO_CEG
--------------------------------------------------------

  ALTER TABLE "MUNKALTATO_CEG" ADD CONSTRAINT "MUNKALTATO_CEG_PK" PRIMARY KEY ("ADOSZAM")
  USING INDEX PCTFREE 10 INITRANS 2 MAXTRANS 255 COMPUTE STATISTICS 
  STORAGE(INITIAL 65536 NEXT 1048576 MINEXTENTS 1 MAXEXTENTS 2147483645
  PCTINCREASE 0 FREELISTS 1 FREELIST GROUPS 1
  BUFFER_POOL DEFAULT FLASH_CACHE DEFAULT CELL_FLASH_CACHE DEFAULT)
  TABLESPACE "USERS"  ENABLE;
  ALTER TABLE "MUNKALTATO_CEG" MODIFY ("ADOSZAM" NOT NULL ENABLE);
--------------------------------------------------------
--  Constraints for Table KOZVETITESEK
--------------------------------------------------------

  ALTER TABLE "KOZVETITESEK" MODIFY ("MV_ID" NOT NULL ENABLE);
  ALTER TABLE "KOZVETITESEK" MODIFY ("KV_ID" NOT NULL ENABLE);
  ALTER TABLE "KOZVETITESEK" ADD CONSTRAINT "KOZVETITESEK_PK" PRIMARY KEY ("ID")
  USING INDEX (CREATE UNIQUE INDEX "KOZVETITESEK_PK1" ON "KOZVETITESEK" ("ID") 
  PCTFREE 10 INITRANS 2 MAXTRANS 255 COMPUTE STATISTICS 
  STORAGE(INITIAL 65536 NEXT 1048576 MINEXTENTS 1 MAXEXTENTS 2147483645
  PCTINCREASE 0 FREELISTS 1 FREELIST GROUPS 1
  BUFFER_POOL DEFAULT FLASH_CACHE DEFAULT CELL_FLASH_CACHE DEFAULT)
  TABLESPACE "USERS" )  ENABLE;
  ALTER TABLE "KOZVETITESEK" MODIFY ("ID" NOT NULL ENABLE);
--------------------------------------------------------
--  Constraints for Table REGISTER
--------------------------------------------------------

  ALTER TABLE "REGISTER" MODIFY ("USERNAME" NOT NULL ENABLE);
  ALTER TABLE "REGISTER" ADD CONSTRAINT "REGISTER_PK" PRIMARY KEY ("USERNAME")
  USING INDEX PCTFREE 10 INITRANS 2 MAXTRANS 255 COMPUTE STATISTICS 
  STORAGE(INITIAL 65536 NEXT 1048576 MINEXTENTS 1 MAXEXTENTS 2147483645
  PCTINCREASE 0 FREELISTS 1 FREELIST GROUPS 1
  BUFFER_POOL DEFAULT FLASH_CACHE DEFAULT CELL_FLASH_CACHE DEFAULT)
  TABLESPACE "USERS"  ENABLE;
--------------------------------------------------------
--  Constraints for Table ISKOLAI_VEGZETTSEGEK
--------------------------------------------------------

  ALTER TABLE "ISKOLAI_VEGZETTSEGEK" ADD CONSTRAINT "ISKOLAI_VEGZETTSEGEK_PK" PRIMARY KEY ("CV_ID")
  USING INDEX PCTFREE 10 INITRANS 2 MAXTRANS 255 COMPUTE STATISTICS 
  STORAGE(INITIAL 65536 NEXT 1048576 MINEXTENTS 1 MAXEXTENTS 2147483645
  PCTINCREASE 0 FREELISTS 1 FREELIST GROUPS 1
  BUFFER_POOL DEFAULT FLASH_CACHE DEFAULT CELL_FLASH_CACHE DEFAULT)
  TABLESPACE "USERS"  ENABLE;
  ALTER TABLE "ISKOLAI_VEGZETTSEGEK" MODIFY ("CV_ID" NOT NULL ENABLE);
--------------------------------------------------------
--  Ref Constraints for Table ALLAS_JELENTKEZES
--------------------------------------------------------

  ALTER TABLE "ALLAS_JELENTKEZES" ADD CONSTRAINT "ALLAS_JELENTKEZES_FK1" FOREIGN KEY ("MV_ADOSZAM")
	  REFERENCES "MUNKAVALLALO" ("SZEMELY_SZAM") ON DELETE CASCADE ENABLE;
  ALTER TABLE "ALLAS_JELENTKEZES" ADD CONSTRAINT "ALLAS_JELENTKEZES_FK2" FOREIGN KEY ("MC_ADOSZAM")
	  REFERENCES "MUNKALTATO_CEG" ("ADOSZAM") ON DELETE CASCADE ENABLE;
--------------------------------------------------------
--  Ref Constraints for Table ALLAS_LEHETOSEG
--------------------------------------------------------

  ALTER TABLE "ALLAS_LEHETOSEG" ADD CONSTRAINT "ALLAS_LEHETOSEG_FK1" FOREIGN KEY ("MC_ID")
	  REFERENCES "MUNKALTATO_CEG" ("ADOSZAM") ON DELETE CASCADE ENABLE;
--------------------------------------------------------
--  Ref Constraints for Table KOZVETITESEK
--------------------------------------------------------

  ALTER TABLE "KOZVETITESEK" ADD CONSTRAINT "KOZVETITESEK_FK1" FOREIGN KEY ("MC_ID")
	  REFERENCES "MUNKALTATO_CEG" ("ADOSZAM") ON DELETE CASCADE ENABLE;
  ALTER TABLE "KOZVETITESEK" ADD CONSTRAINT "KOZVETITESEK_FK2" FOREIGN KEY ("KV_ID")
	  REFERENCES "KOZVETITO" ("ADOSZAM") ON DELETE CASCADE ENABLE;
  ALTER TABLE "KOZVETITESEK" ADD CONSTRAINT "KOZVETITESEK_FK3" FOREIGN KEY ("MV_ID")
	  REFERENCES "MUNKAVALLALO" ("SZEMELY_SZAM") ON DELETE CASCADE ENABLE;
--------------------------------------------------------
--  Ref Constraints for Table MUNKALTATO_CEG
--------------------------------------------------------

  ALTER TABLE "MUNKALTATO_CEG" ADD CONSTRAINT "MUNKALTATO_CEG_FK1" FOREIGN KEY ("KAT_ID")
	  REFERENCES "MUNKALTATO_CEG_KATEGORIAK" ("ID") ON DELETE CASCADE ENABLE;
--------------------------------------------------------
--  Ref Constraints for Table MUNKAVALLALO
--------------------------------------------------------

  ALTER TABLE "MUNKAVALLALO" ADD CONSTRAINT "MUNKAVALLALO_FK1" FOREIGN KEY ("KAT_ID")
	  REFERENCES "MUNKAVALLALO_KATEGORIAK" ("ID") ON DELETE CASCADE ENABLE;
  ALTER TABLE "MUNKAVALLALO" ADD CONSTRAINT "MUNKAVALLALO_FK2" FOREIGN KEY ("IV_ID")
	  REFERENCES "ISKOLAI_VEGZETTSEGEK" ("CV_ID") ON DELETE CASCADE ENABLE;
  ALTER TABLE "MUNKAVALLALO" ADD CONSTRAINT "MUNKAVALLALO_FK3" FOREIGN KEY ("SZT_ID")
	  REFERENCES "SZAKMAI_TAPASZTALAT" ("CV_ID") ON DELETE CASCADE ENABLE;
--------------------------------------------------------
--  Ref Constraints for Table ONELETRAJZ
--------------------------------------------------------

  ALTER TABLE "ONELETRAJZ" ADD CONSTRAINT "ONELETRAJZ_FK1" FOREIGN KEY ("MV_ID")
	  REFERENCES "MUNKAVALLALO" ("SZEMELY_SZAM") ON DELETE CASCADE ENABLE;
--------------------------------------------------------
--  Ref Constraints for Table REGISTER
--------------------------------------------------------

  ALTER TABLE "REGISTER" ADD CONSTRAINT "REGISTER_FK1" FOREIGN KEY ("MV_ID")
	  REFERENCES "MUNKAVALLALO" ("SZEMELY_SZAM") ON DELETE CASCADE ENABLE;
  ALTER TABLE "REGISTER" ADD CONSTRAINT "REGISTER_FK2" FOREIGN KEY ("MC_ID")
	  REFERENCES "MUNKALTATO_CEG" ("ADOSZAM") ON DELETE CASCADE ENABLE;
  ALTER TABLE "REGISTER" ADD CONSTRAINT "REGISTER_FK3" FOREIGN KEY ("KV_ID")
	  REFERENCES "KOZVETITO" ("ADOSZAM") ON DELETE CASCADE ENABLE;
