--------------------------------------------------------
--  File created - vasárnap-május-01-2022   
--------------------------------------------------------
--------------------------------------------------------
--  DDL for Table ALLAS_JELENTKEZES
--------------------------------------------------------

  CREATE TABLE "ALLAS_JELENTKEZES" 
   (	"MV_ADOSZAM" NUMBER, 
	"MC_ADOSZAM" NUMBER, 
	"ID" NUMBER GENERATED BY DEFAULT AS IDENTITY MINVALUE 1 MAXVALUE 9999999999999999999999999999 INCREMENT BY 1 START WITH 1 CACHE 20 NOORDER  NOCYCLE , 
	"AL_ID" NUMBER
   ) SEGMENT CREATION IMMEDIATE 
  PCTFREE 10 PCTUSED 40 INITRANS 1 MAXTRANS 255 
 NOCOMPRESS LOGGING
  STORAGE(INITIAL 65536 NEXT 1048576 MINEXTENTS 1 MAXEXTENTS 2147483645
  PCTINCREASE 0 FREELISTS 1 FREELIST GROUPS 1
  BUFFER_POOL DEFAULT FLASH_CACHE DEFAULT CELL_FLASH_CACHE DEFAULT)
  TABLESPACE "USERS" ;
--------------------------------------------------------
--  DDL for Table ALLAS_LEHETOSEG
--------------------------------------------------------

  CREATE TABLE "ALLAS_LEHETOSEG" 
   (	"HELYSZIN" VARCHAR2(50 BYTE), 
	"MUSZAK" VARCHAR2(30 BYTE), 
	"LEIRAS" VARCHAR2(200 BYTE), 
	"TIPUS" VARCHAR2(30 BYTE), 
	"MC_ID" NUMBER, 
	"ALLAS_NEV" VARCHAR2(100 BYTE), 
	"KAT_ID" VARCHAR2(20 BYTE), 
	"ID" NUMBER GENERATED BY DEFAULT AS IDENTITY MINVALUE 1 MAXVALUE 9999999999999999999999999999 INCREMENT BY 1 START WITH 100 CACHE 100 NOORDER  NOCYCLE 
   ) SEGMENT CREATION IMMEDIATE 
  PCTFREE 10 PCTUSED 40 INITRANS 1 MAXTRANS 255 
 NOCOMPRESS LOGGING
  STORAGE(INITIAL 65536 NEXT 1048576 MINEXTENTS 1 MAXEXTENTS 2147483645
  PCTINCREASE 0 FREELISTS 1 FREELIST GROUPS 1
  BUFFER_POOL DEFAULT FLASH_CACHE DEFAULT CELL_FLASH_CACHE DEFAULT)
  TABLESPACE "USERS" ;
--------------------------------------------------------
--  DDL for Table ISKOLAI_VEGZETTSEGEK
--------------------------------------------------------

  CREATE TABLE "ISKOLAI_VEGZETTSEGEK" 
   (	"MEGNEVEZES" VARCHAR2(50 BYTE), 
	"CV_ID" NUMBER GENERATED BY DEFAULT AS IDENTITY MINVALUE 1 MAXVALUE 9999999999999999999999999999 INCREMENT BY 1 START WITH 1 CACHE 20 NOORDER  NOCYCLE 
   ) SEGMENT CREATION IMMEDIATE 
  PCTFREE 10 PCTUSED 40 INITRANS 1 MAXTRANS 255 
 NOCOMPRESS LOGGING
  STORAGE(INITIAL 65536 NEXT 1048576 MINEXTENTS 1 MAXEXTENTS 2147483645
  PCTINCREASE 0 FREELISTS 1 FREELIST GROUPS 1
  BUFFER_POOL DEFAULT FLASH_CACHE DEFAULT CELL_FLASH_CACHE DEFAULT)
  TABLESPACE "USERS" ;
--------------------------------------------------------
--  DDL for Table KOZVETITESEK
--------------------------------------------------------

  CREATE TABLE "KOZVETITESEK" 
   (	"MV_ID" NUMBER, 
	"KV_ID" NUMBER(*,0), 
	"MC_ID" NUMBER, 
	"ID" NUMBER GENERATED BY DEFAULT AS IDENTITY MINVALUE 1 MAXVALUE 9999999999999999999999999999 INCREMENT BY 1 START WITH 100 CACHE 20 NOORDER  NOCYCLE , 
	"AL_ID" NUMBER
   ) SEGMENT CREATION IMMEDIATE 
  PCTFREE 10 PCTUSED 40 INITRANS 1 MAXTRANS 255 
 NOCOMPRESS LOGGING
  STORAGE(INITIAL 65536 NEXT 1048576 MINEXTENTS 1 MAXEXTENTS 2147483645
  PCTINCREASE 0 FREELISTS 1 FREELIST GROUPS 1
  BUFFER_POOL DEFAULT FLASH_CACHE DEFAULT CELL_FLASH_CACHE DEFAULT)
  TABLESPACE "USERS" ;
--------------------------------------------------------
--  DDL for Table KOZVETITO
--------------------------------------------------------

  CREATE TABLE "KOZVETITO" 
   (	"NEV" VARCHAR2(50 BYTE), 
	"HELYSZIN" VARCHAR2(50 BYTE), 
	"USERNAME" VARCHAR2(60 BYTE), 
	"KV_ADOSZAM" VARCHAR2(30 BYTE), 
	"ADOSZAM" NUMBER GENERATED BY DEFAULT AS IDENTITY MINVALUE 1 MAXVALUE 9999999999999999999999999999 INCREMENT BY 1 START WITH 1 CACHE 20 NOORDER  NOCYCLE 
   ) SEGMENT CREATION IMMEDIATE 
  PCTFREE 10 PCTUSED 40 INITRANS 1 MAXTRANS 255 
 NOCOMPRESS LOGGING
  STORAGE(INITIAL 65536 NEXT 1048576 MINEXTENTS 1 MAXEXTENTS 2147483645
  PCTINCREASE 0 FREELISTS 1 FREELIST GROUPS 1
  BUFFER_POOL DEFAULT FLASH_CACHE DEFAULT CELL_FLASH_CACHE DEFAULT)
  TABLESPACE "USERS" ;
--------------------------------------------------------
--  DDL for Table MUNKALTATO_CEG
--------------------------------------------------------

  CREATE TABLE "MUNKALTATO_CEG" 
   (	"NEV" VARCHAR2(50 BYTE), 
	"TELEPHELY" VARCHAR2(50 BYTE), 
	"USERNAME" VARCHAR2(60 BYTE), 
	"KAT_ID" NUMBER, 
	"MC_ADOSZAM" VARCHAR2(20 BYTE), 
	"ADOSZAM" NUMBER GENERATED BY DEFAULT AS IDENTITY MINVALUE 1 MAXVALUE 9999999999999999999999999999 INCREMENT BY 1 START WITH 100 CACHE 100 NOORDER  NOCYCLE 
   ) SEGMENT CREATION IMMEDIATE 
  PCTFREE 10 PCTUSED 40 INITRANS 1 MAXTRANS 255 
 NOCOMPRESS LOGGING
  STORAGE(INITIAL 65536 NEXT 1048576 MINEXTENTS 1 MAXEXTENTS 2147483645
  PCTINCREASE 0 FREELISTS 1 FREELIST GROUPS 1
  BUFFER_POOL DEFAULT FLASH_CACHE DEFAULT CELL_FLASH_CACHE DEFAULT)
  TABLESPACE "USERS" ;
--------------------------------------------------------
--  DDL for Table MUNKALTATO_CEG_KATEGORIAK
--------------------------------------------------------

  CREATE TABLE "MUNKALTATO_CEG_KATEGORIAK" 
   (	"MEGNEVEZES" VARCHAR2(50 BYTE), 
	"ID" NUMBER GENERATED BY DEFAULT AS IDENTITY MINVALUE 1 MAXVALUE 9999999999999999999999999999 INCREMENT BY 1 START WITH 1 CACHE 20 NOORDER  NOCYCLE 
   ) SEGMENT CREATION IMMEDIATE 
  PCTFREE 10 PCTUSED 40 INITRANS 1 MAXTRANS 255 
 NOCOMPRESS LOGGING
  STORAGE(INITIAL 65536 NEXT 1048576 MINEXTENTS 1 MAXEXTENTS 2147483645
  PCTINCREASE 0 FREELISTS 1 FREELIST GROUPS 1
  BUFFER_POOL DEFAULT FLASH_CACHE DEFAULT CELL_FLASH_CACHE DEFAULT)
  TABLESPACE "USERS" ;
--------------------------------------------------------
--  DDL for Table MUNKAVALLALO
--------------------------------------------------------

  CREATE TABLE "MUNKAVALLALO" 
   (	"NEM" VARCHAR2(20 BYTE), 
	"SZUL_DATUM" DATE DEFAULT NULL, 
	"LAKCIM" VARCHAR2(50 BYTE) DEFAULT NULL, 
	"NEV" VARCHAR2(20 BYTE), 
	"USERNAME" VARCHAR2(30 BYTE), 
	"KAT_ID" NUMBER, 
	"IV_ID" NUMBER, 
	"SZT_ID" NUMBER, 
	"SZEMELY_SZAM" NUMBER GENERATED BY DEFAULT AS IDENTITY MINVALUE 1 MAXVALUE 9999999999999999999999999999 INCREMENT BY 1 START WITH 100 CACHE 20 NOORDER  NOCYCLE 
   ) SEGMENT CREATION IMMEDIATE 
  PCTFREE 10 PCTUSED 40 INITRANS 1 MAXTRANS 255 
 NOCOMPRESS LOGGING
  STORAGE(INITIAL 65536 NEXT 1048576 MINEXTENTS 1 MAXEXTENTS 2147483645
  PCTINCREASE 0 FREELISTS 1 FREELIST GROUPS 1
  BUFFER_POOL DEFAULT FLASH_CACHE DEFAULT CELL_FLASH_CACHE DEFAULT)
  TABLESPACE "USERS" ;
--------------------------------------------------------
--  DDL for Table MUNKAVALLALO_KATEGORIAK
--------------------------------------------------------

  CREATE TABLE "MUNKAVALLALO_KATEGORIAK" 
   (	"MEGNEVEZES" VARCHAR2(50 BYTE), 
	"ID" NUMBER GENERATED BY DEFAULT AS IDENTITY MINVALUE 1 MAXVALUE 9999999999999999999999999999 INCREMENT BY 1 START WITH 1 CACHE 20 NOORDER  NOCYCLE 
   ) SEGMENT CREATION IMMEDIATE 
  PCTFREE 10 PCTUSED 40 INITRANS 1 MAXTRANS 255 
 NOCOMPRESS LOGGING
  STORAGE(INITIAL 65536 NEXT 1048576 MINEXTENTS 1 MAXEXTENTS 2147483645
  PCTINCREASE 0 FREELISTS 1 FREELIST GROUPS 1
  BUFFER_POOL DEFAULT FLASH_CACHE DEFAULT CELL_FLASH_CACHE DEFAULT)
  TABLESPACE "USERS" ;
--------------------------------------------------------
--  DDL for Table ONELETRAJZ
--------------------------------------------------------

  CREATE TABLE "ONELETRAJZ" 
   (	"REFERENCIA" VARCHAR2(300 BYTE), 
	"MV_ID" NUMBER, 
	"ID" NUMBER GENERATED BY DEFAULT AS IDENTITY MINVALUE 1 MAXVALUE 9999999999999999999999999999 INCREMENT BY 1 START WITH 100 CACHE 20 NOORDER  NOCYCLE 
   ) SEGMENT CREATION IMMEDIATE 
  PCTFREE 10 PCTUSED 40 INITRANS 1 MAXTRANS 255 
 NOCOMPRESS LOGGING
  STORAGE(INITIAL 65536 NEXT 1048576 MINEXTENTS 1 MAXEXTENTS 2147483645
  PCTINCREASE 0 FREELISTS 1 FREELIST GROUPS 1
  BUFFER_POOL DEFAULT FLASH_CACHE DEFAULT CELL_FLASH_CACHE DEFAULT)
  TABLESPACE "USERS" ;
--------------------------------------------------------
--  DDL for Table REGISTER
--------------------------------------------------------

  CREATE TABLE "REGISTER" 
   (	"USERNAME" VARCHAR2(60 BYTE), 
	"REG_DATE" DATE, 
	"MV_ID" NUMBER, 
	"MC_ID" NUMBER, 
	"KV_ID" NUMBER
   ) SEGMENT CREATION IMMEDIATE 
  PCTFREE 10 PCTUSED 40 INITRANS 1 MAXTRANS 255 
 NOCOMPRESS LOGGING
  STORAGE(INITIAL 65536 NEXT 1048576 MINEXTENTS 1 MAXEXTENTS 2147483645
  PCTINCREASE 0 FREELISTS 1 FREELIST GROUPS 1
  BUFFER_POOL DEFAULT FLASH_CACHE DEFAULT CELL_FLASH_CACHE DEFAULT)
  TABLESPACE "USERS" ;
--------------------------------------------------------
--  DDL for Table SZAKMAI_TAPASZTALAT
--------------------------------------------------------

  CREATE TABLE "SZAKMAI_TAPASZTALAT" 
   (	"MEGNEVEZES" VARCHAR2(50 BYTE), 
	"CV_ID" NUMBER GENERATED BY DEFAULT AS IDENTITY MINVALUE 1 MAXVALUE 9999999999999999999999999999 INCREMENT BY 1 START WITH 1 CACHE 20 NOORDER  NOCYCLE 
   ) SEGMENT CREATION IMMEDIATE 
  PCTFREE 10 PCTUSED 40 INITRANS 1 MAXTRANS 255 
 NOCOMPRESS LOGGING
  STORAGE(INITIAL 65536 NEXT 1048576 MINEXTENTS 1 MAXEXTENTS 2147483645
  PCTINCREASE 0 FREELISTS 1 FREELIST GROUPS 1
  BUFFER_POOL DEFAULT FLASH_CACHE DEFAULT CELL_FLASH_CACHE DEFAULT)
  TABLESPACE "USERS" ;
REM INSERTING into ALLAS_JELENTKEZES
SET DEFINE OFF;
Insert into ALLAS_JELENTKEZES (MV_ADOSZAM,MC_ADOSZAM,ID,AL_ID) values ('2','3','2','23');
Insert into ALLAS_JELENTKEZES (MV_ADOSZAM,MC_ADOSZAM,ID,AL_ID) values ('3','7','84','6');
Insert into ALLAS_JELENTKEZES (MV_ADOSZAM,MC_ADOSZAM,ID,AL_ID) values ('3','8','85','8');
Insert into ALLAS_JELENTKEZES (MV_ADOSZAM,MC_ADOSZAM,ID,AL_ID) values ('4','8','89','8');
Insert into ALLAS_JELENTKEZES (MV_ADOSZAM,MC_ADOSZAM,ID,AL_ID) values ('2','7','24','6');
Insert into ALLAS_JELENTKEZES (MV_ADOSZAM,MC_ADOSZAM,ID,AL_ID) values ('2','8','23','8');
Insert into ALLAS_JELENTKEZES (MV_ADOSZAM,MC_ADOSZAM,ID,AL_ID) values ('2','4','1','1');
Insert into ALLAS_JELENTKEZES (MV_ADOSZAM,MC_ADOSZAM,ID,AL_ID) values ('2','5','3','10');
Insert into ALLAS_JELENTKEZES (MV_ADOSZAM,MC_ADOSZAM,ID,AL_ID) values ('2','100','4','24');
Insert into ALLAS_JELENTKEZES (MV_ADOSZAM,MC_ADOSZAM,ID,AL_ID) values ('2','101','5','100');
Insert into ALLAS_JELENTKEZES (MV_ADOSZAM,MC_ADOSZAM,ID,AL_ID) values ('2','102','6','108');
Insert into ALLAS_JELENTKEZES (MV_ADOSZAM,MC_ADOSZAM,ID,AL_ID) values ('2','103','7','123');
Insert into ALLAS_JELENTKEZES (MV_ADOSZAM,MC_ADOSZAM,ID,AL_ID) values ('2','2','8','128');
Insert into ALLAS_JELENTKEZES (MV_ADOSZAM,MC_ADOSZAM,ID,AL_ID) values ('3','3','9','23');
Insert into ALLAS_JELENTKEZES (MV_ADOSZAM,MC_ADOSZAM,ID,AL_ID) values ('3','100','10','24');
Insert into ALLAS_JELENTKEZES (MV_ADOSZAM,MC_ADOSZAM,ID,AL_ID) values ('3','101','11','100');
Insert into ALLAS_JELENTKEZES (MV_ADOSZAM,MC_ADOSZAM,ID,AL_ID) values ('3','102','12','108');
Insert into ALLAS_JELENTKEZES (MV_ADOSZAM,MC_ADOSZAM,ID,AL_ID) values ('3','103','13','124');
Insert into ALLAS_JELENTKEZES (MV_ADOSZAM,MC_ADOSZAM,ID,AL_ID) values ('3','2','14','128');
Insert into ALLAS_JELENTKEZES (MV_ADOSZAM,MC_ADOSZAM,ID,AL_ID) values ('3','4','15','1');
Insert into ALLAS_JELENTKEZES (MV_ADOSZAM,MC_ADOSZAM,ID,AL_ID) values ('3','5','16','12');
Insert into ALLAS_JELENTKEZES (MV_ADOSZAM,MC_ADOSZAM,ID,AL_ID) values ('4','7','17','6');
Insert into ALLAS_JELENTKEZES (MV_ADOSZAM,MC_ADOSZAM,ID,AL_ID) values ('4','3','18','23');
Insert into ALLAS_JELENTKEZES (MV_ADOSZAM,MC_ADOSZAM,ID,AL_ID) values ('4','100','19','24');
Insert into ALLAS_JELENTKEZES (MV_ADOSZAM,MC_ADOSZAM,ID,AL_ID) values ('4','101','20','100');
Insert into ALLAS_JELENTKEZES (MV_ADOSZAM,MC_ADOSZAM,ID,AL_ID) values ('4','102','21','109');
Insert into ALLAS_JELENTKEZES (MV_ADOSZAM,MC_ADOSZAM,ID,AL_ID) values ('4','103','22','125');
Insert into ALLAS_JELENTKEZES (MV_ADOSZAM,MC_ADOSZAM,ID,AL_ID) values ('1','4','36','4');
Insert into ALLAS_JELENTKEZES (MV_ADOSZAM,MC_ADOSZAM,ID,AL_ID) values ('1','5','37','9');
Insert into ALLAS_JELENTKEZES (MV_ADOSZAM,MC_ADOSZAM,ID,AL_ID) values ('101','7','38','6');
Insert into ALLAS_JELENTKEZES (MV_ADOSZAM,MC_ADOSZAM,ID,AL_ID) values ('101','3','39','7');
Insert into ALLAS_JELENTKEZES (MV_ADOSZAM,MC_ADOSZAM,ID,AL_ID) values ('101','100','40','26');
Insert into ALLAS_JELENTKEZES (MV_ADOSZAM,MC_ADOSZAM,ID,AL_ID) values ('101','101','41','100');
Insert into ALLAS_JELENTKEZES (MV_ADOSZAM,MC_ADOSZAM,ID,AL_ID) values ('101','102','42','108');
Insert into ALLAS_JELENTKEZES (MV_ADOSZAM,MC_ADOSZAM,ID,AL_ID) values ('101','103','43','123');
Insert into ALLAS_JELENTKEZES (MV_ADOSZAM,MC_ADOSZAM,ID,AL_ID) values ('101','2','44','129');
Insert into ALLAS_JELENTKEZES (MV_ADOSZAM,MC_ADOSZAM,ID,AL_ID) values ('101','8','45','8');
Insert into ALLAS_JELENTKEZES (MV_ADOSZAM,MC_ADOSZAM,ID,AL_ID) values ('101','4','46','1');
Insert into ALLAS_JELENTKEZES (MV_ADOSZAM,MC_ADOSZAM,ID,AL_ID) values ('101','5','47','12');
Insert into ALLAS_JELENTKEZES (MV_ADOSZAM,MC_ADOSZAM,ID,AL_ID) values ('102','7','48','6');
Insert into ALLAS_JELENTKEZES (MV_ADOSZAM,MC_ADOSZAM,ID,AL_ID) values ('102','3','49','7');
Insert into ALLAS_JELENTKEZES (MV_ADOSZAM,MC_ADOSZAM,ID,AL_ID) values ('102','100','50','25');
Insert into ALLAS_JELENTKEZES (MV_ADOSZAM,MC_ADOSZAM,ID,AL_ID) values ('102','101','51','101');
Insert into ALLAS_JELENTKEZES (MV_ADOSZAM,MC_ADOSZAM,ID,AL_ID) values ('102','102','52','109');
Insert into ALLAS_JELENTKEZES (MV_ADOSZAM,MC_ADOSZAM,ID,AL_ID) values ('102','103','53','124');
Insert into ALLAS_JELENTKEZES (MV_ADOSZAM,MC_ADOSZAM,ID,AL_ID) values ('102','2','54','129');
Insert into ALLAS_JELENTKEZES (MV_ADOSZAM,MC_ADOSZAM,ID,AL_ID) values ('102','4','55','4');
Insert into ALLAS_JELENTKEZES (MV_ADOSZAM,MC_ADOSZAM,ID,AL_ID) values ('102','8','56','8');
Insert into ALLAS_JELENTKEZES (MV_ADOSZAM,MC_ADOSZAM,ID,AL_ID) values ('102','5','57','12');
Insert into ALLAS_JELENTKEZES (MV_ADOSZAM,MC_ADOSZAM,ID,AL_ID) values ('4','2','25','129');
Insert into ALLAS_JELENTKEZES (MV_ADOSZAM,MC_ADOSZAM,ID,AL_ID) values ('4','4','26','4');
Insert into ALLAS_JELENTKEZES (MV_ADOSZAM,MC_ADOSZAM,ID,AL_ID) values ('4','5','27','9');
Insert into ALLAS_JELENTKEZES (MV_ADOSZAM,MC_ADOSZAM,ID,AL_ID) values ('1','7','28','6');
Insert into ALLAS_JELENTKEZES (MV_ADOSZAM,MC_ADOSZAM,ID,AL_ID) values ('1','3','29','23');
Insert into ALLAS_JELENTKEZES (MV_ADOSZAM,MC_ADOSZAM,ID,AL_ID) values ('1','8','30','8');
Insert into ALLAS_JELENTKEZES (MV_ADOSZAM,MC_ADOSZAM,ID,AL_ID) values ('1','100','31','25');
Insert into ALLAS_JELENTKEZES (MV_ADOSZAM,MC_ADOSZAM,ID,AL_ID) values ('1','101','32','101');
Insert into ALLAS_JELENTKEZES (MV_ADOSZAM,MC_ADOSZAM,ID,AL_ID) values ('1','102','33','108');
Insert into ALLAS_JELENTKEZES (MV_ADOSZAM,MC_ADOSZAM,ID,AL_ID) values ('1','103','34','125');
Insert into ALLAS_JELENTKEZES (MV_ADOSZAM,MC_ADOSZAM,ID,AL_ID) values ('1','2','35','128');
REM INSERTING into ALLAS_LEHETOSEG
SET DEFINE OFF;
Insert into ALLAS_LEHETOSEG (HELYSZIN,MUSZAK,LEIRAS,TIPUS,MC_ID,ALLAS_NEV,KAT_ID,ID) values ('SZTE IRINYI ÉPÜLET','20:00 - 20:00','EASYPEASY','irodai','7','SZTE DIGIKÉP TANSZÉK','FINANCE','6');
Insert into ALLAS_LEHETOSEG (HELYSZIN,MUSZAK,LEIRAS,TIPUS,MC_ID,ALLAS_NEV,KAT_ID,ID) values ('UJ_HELYSZIN','UJ_MUSZAJ','UJ_LEIRAS',null,'3','UJ_JOB','FINANCE','23');
Insert into ALLAS_LEHETOSEG (HELYSZIN,MUSZAK,LEIRAS,TIPUS,MC_ID,ALLAS_NEV,KAT_ID,ID) values ('Szeged Irinyi Épület','12:00 - 18:00','ITITITITIITITITITIRT','irodai','7','Gazdaságinformatika','IT','5');
Insert into ALLAS_LEHETOSEG (HELYSZIN,MUSZAK,LEIRAS,TIPUS,MC_ID,ALLAS_NEV,KAT_ID,ID) values ('Szeged Irinyi Épület','0:00 - 24:00','LEIRO','konnyu_fizikai','3','MINDENTUDO','IT','7');
Insert into ALLAS_LEHETOSEG (HELYSZIN,MUSZAK,LEIRAS,TIPUS,MC_ID,ALLAS_NEV,KAT_ID,ID) values ('Szeged Irinyi Épület','12:00 - 18:00','jo','irodai','8','Gazdaságinformatika','IT','8');
Insert into ALLAS_LEHETOSEG (HELYSZIN,MUSZAK,LEIRAS,TIPUS,MC_ID,ALLAS_NEV,KAT_ID,ID) values ('Budapest','8:00 - 16:00','A Szerencsejáték Zrt. Humán Igazgatósága munkatársat keres az alábbi munkakörben: HR kontroller','Irodai','100','HR kontroller','3','24');
Insert into ALLAS_LEHETOSEG (HELYSZIN,MUSZAK,LEIRAS,TIPUS,MC_ID,ALLAS_NEV,KAT_ID,ID) values ('Budapest','8:00 - 16:00','A Szerencsejáték Zrt. Kereskedelmi Igazgatósága munkatársat keres az alábbi munkakörben: ÜZLETI ELEMZÉSI SZAKÉRTŐ','Irodai','100','ÜZLETI ELEMZÉSI SZAKÉRTŐ','3','25');
Insert into ALLAS_LEHETOSEG (HELYSZIN,MUSZAK,LEIRAS,TIPUS,MC_ID,ALLAS_NEV,KAT_ID,ID) values ('Budapest','8:00 - 16:00','A Szerencsejáték Zrt. Gazdasági Igazgatósága munkatársat keres az alábbi munkakörben: GAZDASÁGI MUNKATÁRS','Irodai','100','GAZDASÁGI MUNKATÁRS','3','26');
Insert into ALLAS_LEHETOSEG (HELYSZIN,MUSZAK,LEIRAS,TIPUS,MC_ID,ALLAS_NEV,KAT_ID,ID) values ('Budapest','8:00 - 16:00','A Szerencsejáték Zrt. Kereskedelmi Igazgatósága munkatársat keres az alábbi munkakörben: CRM SPORTFOGADÁSI ELEMZŐ','Irodai','100','CRM SPORTFOGADÁSI ELEMZŐ','3','27');
Insert into ALLAS_LEHETOSEG (HELYSZIN,MUSZAK,LEIRAS,TIPUS,MC_ID,ALLAS_NEV,KAT_ID,ID) values ('Budapest','8:00 - 16:00','A Szerencsejáték Zrt. Humán Igazgatósága munkatársat keres az alábbi munkakörben: HR PARTNER','Irodai','100','HR PARTNER','3','28');
Insert into ALLAS_LEHETOSEG (HELYSZIN,MUSZAK,LEIRAS,TIPUS,MC_ID,ALLAS_NEV,KAT_ID,ID) values ('Budapest','8:00 - 16:00','A Szerencsejáték Zrt. Biztonsági Igazgatósága munkatársat keres az alábbi munkakörben: INFORMÁCIÓBIZTONSÁGI INCIDENSKEZELÉSI SZAKÉRTŐ','Irodai','100','INFORMÁCIÓBIZTONSÁGI INCIDENSKEZELÉSI SZAKÉRTŐ','3','29');
Insert into ALLAS_LEHETOSEG (HELYSZIN,MUSZAK,LEIRAS,TIPUS,MC_ID,ALLAS_NEV,KAT_ID,ID) values ('Budapest','8:00 - 16:00','A Szerencsejáték Zrt. Biztonsági Igazgatósága munkatársat keres az alábbi munkakörben: INFORMÁCIÓBIZTONSÁGI MUNKATÁRS','Irodai','100','INFORMÁCIÓBIZTONSÁGI MUNKATÁRS','3','30');
Insert into ALLAS_LEHETOSEG (HELYSZIN,MUSZAK,LEIRAS,TIPUS,MC_ID,ALLAS_NEV,KAT_ID,ID) values ('Budapest','8:00 - 16:00','A Szerencsejáték Zrt. Beruházási és Üzemeltetési Főosztálya munkatársat keres az alábbi munkakörben: RAKTÁROS','Irodai','100','RAKTÁROS','3','31');
Insert into ALLAS_LEHETOSEG (HELYSZIN,MUSZAK,LEIRAS,TIPUS,MC_ID,ALLAS_NEV,KAT_ID,ID) values ('Budapest','8:00 - 16:00','A Szerencsejáték Zrt. Kereskedelmi Igazgatósága munkatársat keres az alábbi munkakörben: PARTNERHÁLÓZATI ÉRTÉKESÍTÉSI SZAKÉRTŐ','Irodai','100','PARTNERHÁLÓZATI ÉRTÉKESÍTÉSI SZAKÉRTŐ','3','32');
Insert into ALLAS_LEHETOSEG (HELYSZIN,MUSZAK,LEIRAS,TIPUS,MC_ID,ALLAS_NEV,KAT_ID,ID) values ('Budapest','8:00 - 16:00','CSATLAKOZZ A SZERENCSEJÁTÉK ZRT UTÁNPÓTLÁSPROGRAMJÁHOZ','Irodai','100','AKVIZÍCIÓS POZÍCIÓ','3','33');
Insert into ALLAS_LEHETOSEG (HELYSZIN,MUSZAK,LEIRAS,TIPUS,MC_ID,ALLAS_NEV,KAT_ID,ID) values ('Budapest','8:00 - 16:00','CSATLAKOZZ A SZERENCSEJÁTÉK ZRT UTÁNPÓTLÁSPROGRAMJÁHOZ','Irodai','100','PANASZKEZELÉSI ÉS FOGYASZTÓVÉDELMI POZÍCIÓ','3','34');
Insert into ALLAS_LEHETOSEG (HELYSZIN,MUSZAK,LEIRAS,TIPUS,MC_ID,ALLAS_NEV,KAT_ID,ID) values ('Budapest','8:00 - 16:00','CSATLAKOZZ A SZERENCSEJÁTÉK ZRT UTÁNPÓTLÁSPROGRAMJÁHOZ','Irodai','100','INFORMÁCIÓBIZTONSÁGI INCIDENSKEZELÉSI POZÍCIÓ','3','35');
Insert into ALLAS_LEHETOSEG (HELYSZIN,MUSZAK,LEIRAS,TIPUS,MC_ID,ALLAS_NEV,KAT_ID,ID) values ('Budapest','8:00 - 16:00','CSATLAKOZZ A SZERENCSEJÁTÉK ZRT UTÁNPÓTLÁSPROGRAMJÁHOZ','Irodai','100','INFORMATIKAI TESZTMENEDZSMENT POZÍCIÓ','3','36');
Insert into ALLAS_LEHETOSEG (HELYSZIN,MUSZAK,LEIRAS,TIPUS,MC_ID,ALLAS_NEV,KAT_ID,ID) values ('Budapest','8:00 - 16:00','A Szerencsejáték Zrt. Marketing és Kommunikációs Igazgatósága munkatársat keres határozott időre az alábbi munkakörbe: SORSOLÁSI MUNKATÁRS','Irodai','100','SORSOLÁSI MUNKATÁRS','3','37');
Insert into ALLAS_LEHETOSEG (HELYSZIN,MUSZAK,LEIRAS,TIPUS,MC_ID,ALLAS_NEV,KAT_ID,ID) values ('Online','rugalmas','CD PROJEKT RED is looking for a 3D Character Artist to support The Molasses Flood development studio in their own ambitious project which is based on one of CD PROJEKT’s IPs.','Irodai','101','3D Character Artist','1','100');
Insert into ALLAS_LEHETOSEG (HELYSZIN,MUSZAK,LEIRAS,TIPUS,MC_ID,ALLAS_NEV,KAT_ID,ID) values ('Online','rugalmas','CD PROJEKT RED is looking for a Design Concept Artist to support the Cyberpunk 2077 team.','Irodai','101','Concept Designer','1','101');
Insert into ALLAS_LEHETOSEG (HELYSZIN,MUSZAK,LEIRAS,TIPUS,MC_ID,ALLAS_NEV,KAT_ID,ID) values ('Online','rugalmas','CD PROJEKT RED is currently looking for a talented Level Artist to join our Environment Art team in Kraków to work on the new, immersive projects.','Irodai','101','Level Artist','1','102');
Insert into ALLAS_LEHETOSEG (HELYSZIN,MUSZAK,LEIRAS,TIPUS,MC_ID,ALLAS_NEV,KAT_ID,ID) values ('Online','rugalmas','CD PROJEKT RED is currently looking for a talented artist to join our Environment Art team in Warsaw to work on AAA games.','Irodai','101','Senior Environment Artist','1','103');
Insert into ALLAS_LEHETOSEG (HELYSZIN,MUSZAK,LEIRAS,TIPUS,MC_ID,ALLAS_NEV,KAT_ID,ID) values ('Online','rugalmas','We are looking for a Technical Animator to join our Gameplay Animation team.','Irodai','101','Technical Animator','1','104');
Insert into ALLAS_LEHETOSEG (HELYSZIN,MUSZAK,LEIRAS,TIPUS,MC_ID,ALLAS_NEV,KAT_ID,ID) values ('Online','rugalmas','CD PROJEKT RED is looking for a talented and experienced VFX Artist to join our team.','Irodai','101','VFX Artist','1','105');
Insert into ALLAS_LEHETOSEG (HELYSZIN,MUSZAK,LEIRAS,TIPUS,MC_ID,ALLAS_NEV,KAT_ID,ID) values ('Online','rugalmas','CD PROJEKT RED is currently looking for a talented and experienced Lighting Artist who is ready to work on the cutting edge of game graphics technology.','Irodai','101','Lighting Artist','1','106');
Insert into ALLAS_LEHETOSEG (HELYSZIN,MUSZAK,LEIRAS,TIPUS,MC_ID,ALLAS_NEV,KAT_ID,ID) values ('Online','rugalmas','We’re looking for an experienced Destruction Technical Artist to join our team.','Irodai','101','Destruction Technical Artist','1','107');
Insert into ALLAS_LEHETOSEG (HELYSZIN,MUSZAK,LEIRAS,TIPUS,MC_ID,ALLAS_NEV,KAT_ID,ID) values ('Győr','6:00 - 14:00','GYŐRI IGAZGATÓSÁG KERES MUNKATÁRSAT','Irodai','102','FIÓKI ÜGYFÉLSZOLGÁLATI MUNKATÁRS','2','108');
Insert into ALLAS_LEHETOSEG (HELYSZIN,MUSZAK,LEIRAS,TIPUS,MC_ID,ALLAS_NEV,KAT_ID,ID) values ('Győr','6:00 - 14:00','GYŐRI IGAZGATÓSÁG KERES MUNKATÁRSAT','Irodai','102','LAKOSSÁGI HITELEZÉSI MUNKATÁRS','2','109');
Insert into ALLAS_LEHETOSEG (HELYSZIN,MUSZAK,LEIRAS,TIPUS,MC_ID,ALLAS_NEV,KAT_ID,ID) values ('Győr','6:00 - 14:00','GYŐRI IGAZGATÓSÁG KERES MUNKATÁRSAT','Irodai','102','VÁLLALKOZÓI MUNKATÁRS','2','110');
Insert into ALLAS_LEHETOSEG (HELYSZIN,MUSZAK,LEIRAS,TIPUS,MC_ID,ALLAS_NEV,KAT_ID,ID) values ('Szombathely','6:00 - 14:00','SZOMBATHELYI IGAZGATÓSÁG KERES MUNKATÁRSAT','Irodai','102','FORINT- ÉS VALUTAPÉNZTÁROS','2','111');
Insert into ALLAS_LEHETOSEG (HELYSZIN,MUSZAK,LEIRAS,TIPUS,MC_ID,ALLAS_NEV,KAT_ID,ID) values ('Tatabánya','6:00 - 14:00','TATABÁNYAI IGAZGATÓSÁG KERES MUNKATÁRSAT','Irodai','102','SZÁMLAVEZETŐ MUNKATÁRS','2','112');
Insert into ALLAS_LEHETOSEG (HELYSZIN,MUSZAK,LEIRAS,TIPUS,MC_ID,ALLAS_NEV,KAT_ID,ID) values ('Budapest','6:00 - 14:00','BUDAPESTI IGAZGATÓSÁG KERES MUNKATÁRSAT','Irodai','102','HITELKOCKÁZAT KEZELÉSI SZENIOR SZAKÉRTŐ','2','113');
Insert into ALLAS_LEHETOSEG (HELYSZIN,MUSZAK,LEIRAS,TIPUS,MC_ID,ALLAS_NEV,KAT_ID,ID) values ('Sárvár','6:00 - 14:00','SÁRVÁRI IGAZGATÓSÁG KERES MUNKATÁRSAT','Irodai','102','FIÓKI ÜGYFÉLSZOLGÁLATI MUNKATÁRS','2','114');
Insert into ALLAS_LEHETOSEG (HELYSZIN,MUSZAK,LEIRAS,TIPUS,MC_ID,ALLAS_NEV,KAT_ID,ID) values ('Vasvár','6:00 - 14:00','VASVÁRI IGAZGATÓSÁG KERES MUNKATÁRSAT','Irodai','102','SZÁMLAVEZETÉSI TANÁCSADÓ','2','115');
Insert into ALLAS_LEHETOSEG (HELYSZIN,MUSZAK,LEIRAS,TIPUS,MC_ID,ALLAS_NEV,KAT_ID,ID) values ('Fertőd','6:00 - 14:00','FERTŐDI IGAZGATÓSÁG KERES MUNKATÁRSAT','Irodai','102','FIÓKVEZETŐ','2','116');
Insert into ALLAS_LEHETOSEG (HELYSZIN,MUSZAK,LEIRAS,TIPUS,MC_ID,ALLAS_NEV,KAT_ID,ID) values ('Kapuvár','6:00 - 14:00','KAPUVÁRI IGAZGATÓSÁG KERES MUNKATÁRSAT','Irodai','102','SZÁMLAVEZETÉSI TANÁCSADÓ','2','117');
Insert into ALLAS_LEHETOSEG (HELYSZIN,MUSZAK,LEIRAS,TIPUS,MC_ID,ALLAS_NEV,KAT_ID,ID) values ('Budapest, XIII. kerület','6:00 - 14:00','BUDAPESTI IGAZGATÓSÁG KERES MUNKATÁRSAT','Irodai','102','Munkaügyi ügyintéző','2','118');
Insert into ALLAS_LEHETOSEG (HELYSZIN,MUSZAK,LEIRAS,TIPUS,MC_ID,ALLAS_NEV,KAT_ID,ID) values ('Budapest, V. Bajcsy-Zsilinszky út 24.','6:00 - 14:00','BUDAPESTI IGAZGATÓSÁG KERES MUNKATÁRSAT','Irodai','102','NAGYVÁLLALATI SZÁMLAVEZETŐ','2','119');
Insert into ALLAS_LEHETOSEG (HELYSZIN,MUSZAK,LEIRAS,TIPUS,MC_ID,ALLAS_NEV,KAT_ID,ID) values ('Kecskemét','6:00 - 14:00','KECSKEMÉTI IGAZGATÓSÁG KERES MUNKATÁRSAT','Irodai','102','HR TÁMOGATÓ','2','120');
Insert into ALLAS_LEHETOSEG (HELYSZIN,MUSZAK,LEIRAS,TIPUS,MC_ID,ALLAS_NEV,KAT_ID,ID) values ('Budapest, XIII. kerület','6:00 - 14:00','BUDAPESTI IGAZGATÓSÁG KERES MUNKATÁRSAT','Irodai','102','MÁRKA SZAKÉRTŐ','2','121');
Insert into ALLAS_LEHETOSEG (HELYSZIN,MUSZAK,LEIRAS,TIPUS,MC_ID,ALLAS_NEV,KAT_ID,ID) values ('Nagykanizsa','6:00 - 14:00','NAGYKANIZSAI IGAZGATÓSÁG KERES MUNKATÁRSAT','Irodai','102','VÁLLALKOZÓI TANÁCSADÓ','2','122');
Insert into ALLAS_LEHETOSEG (HELYSZIN,MUSZAK,LEIRAS,TIPUS,MC_ID,ALLAS_NEV,KAT_ID,ID) values ('Szeged','rugalmas','A szegedi Baans Kitchen munkatársat keres.','Könnyű Fizikai','103','Konyhai kisegítő','4','123');
Insert into ALLAS_LEHETOSEG (HELYSZIN,MUSZAK,LEIRAS,TIPUS,MC_ID,ALLAS_NEV,KAT_ID,ID) values ('Orosháza','rugalmas','Az orosházi Baans Kitchen munkatársat keres.','Könnyű Fizikai','103','Konyhai kisegítő','4','124');
Insert into ALLAS_LEHETOSEG (HELYSZIN,MUSZAK,LEIRAS,TIPUS,MC_ID,ALLAS_NEV,KAT_ID,ID) values ('Orosháza','rugalmas','Az orosházi Baans Kitchen munkatársat keres.','Könnyű Fizikai','103','Beszerző/Logisztikai munkatárs','4','125');
Insert into ALLAS_LEHETOSEG (HELYSZIN,MUSZAK,LEIRAS,TIPUS,MC_ID,ALLAS_NEV,KAT_ID,ID) values ('Békéscsaba','rugalmas','A békéscsabai Baans Kitchen munkatársat keres.','Könnyű Fizikai','103','Futár','4','126');
Insert into ALLAS_LEHETOSEG (HELYSZIN,MUSZAK,LEIRAS,TIPUS,MC_ID,ALLAS_NEV,KAT_ID,ID) values ('Szeged','rugalmas','A szegedi Baans Kitchen munkatársat keres.','Könnyű Fizikai','103','Pultos','4','127');
Insert into ALLAS_LEHETOSEG (HELYSZIN,MUSZAK,LEIRAS,TIPUS,MC_ID,ALLAS_NEV,KAT_ID,ID) values ('Szeged, Felső Tisza-Part 25, 6723','8:00 - 16:00','We are looking for a Product Manager to join our team in Szeged.','Irodai','2','Product Manager','1','128');
Insert into ALLAS_LEHETOSEG (HELYSZIN,MUSZAK,LEIRAS,TIPUS,MC_ID,ALLAS_NEV,KAT_ID,ID) values ('Szeged, Felső Tisza-Part 25, 6723','8:00 - 16:00','Currently we are looking for Junior JAVA Developers for our Szeged office to make the team even stronger.','Irodai','2','Junior JAVA Developers','1','129');
Insert into ALLAS_LEHETOSEG (HELYSZIN,MUSZAK,LEIRAS,TIPUS,MC_ID,ALLAS_NEV,KAT_ID,ID) values ('Szeged, Felső Tisza-Part 25, 6723','10:00 - 14:00','We are looking for an HR Administrator Trainee to join our team in Szeged.','Irodai','2','HR Administrator Trainee','1','130');
Insert into ALLAS_LEHETOSEG (HELYSZIN,MUSZAK,LEIRAS,TIPUS,MC_ID,ALLAS_NEV,KAT_ID,ID) values ('Szeged Bolyai Épület','12:00 - 18:00','Hardest','irodai','4','Gazdaságinformatika','FINANCE','1');
Insert into ALLAS_LEHETOSEG (HELYSZIN,MUSZAK,LEIRAS,TIPUS,MC_ID,ALLAS_NEV,KAT_ID,ID) values ('Szeged Bolyai Épület','8:00 - 16:00','Even harder','irodai','4','Mérnökinformatika','IT','4');
Insert into ALLAS_LEHETOSEG (HELYSZIN,MUSZAK,LEIRAS,TIPUS,MC_ID,ALLAS_NEV,KAT_ID,ID) values ('Baja','0:00 - 24:00','MINDENT IS TUDNI KELL','fizikai','5','MINDENTUDO','FINANCE','12');
Insert into ALLAS_LEHETOSEG (HELYSZIN,MUSZAK,LEIRAS,TIPUS,MC_ID,ALLAS_NEV,KAT_ID,ID) values ('Szeged, Felső Tisza-Part 25, 6723','8:00 - 16:00','Currently we are looking for a .NET Developer to join our team in Szeged.','Irodai','2','.NET Developer','1','131');
Insert into ALLAS_LEHETOSEG (HELYSZIN,MUSZAK,LEIRAS,TIPUS,MC_ID,ALLAS_NEV,KAT_ID,ID) values ('Budapest, Corvin One, Futó u. 47-53, 1082','8:00 - 16:00','We are looking for a Data Delivery Manager to join our team in Hungary.','Irodai','2','Data Delivery Manager','1','132');
Insert into ALLAS_LEHETOSEG (HELYSZIN,MUSZAK,LEIRAS,TIPUS,MC_ID,ALLAS_NEV,KAT_ID,ID) values ('Budapest, Corvin One, Futó u. 47-53, 1082','8:00 - 16:00','We are looking for a Node.js Developer to join our team in Hungary.','Irodai','2','Node.js Developer','1','133');
Insert into ALLAS_LEHETOSEG (HELYSZIN,MUSZAK,LEIRAS,TIPUS,MC_ID,ALLAS_NEV,KAT_ID,ID) values ('Szeged, Felső Tisza-Part 25, 6723','8:00 - 16:00','EPAM Szeged office is looking for PHP Developers to join our team.','Irodai','2','PHP Developers','1','134');
Insert into ALLAS_LEHETOSEG (HELYSZIN,MUSZAK,LEIRAS,TIPUS,MC_ID,ALLAS_NEV,KAT_ID,ID) values ('Szeged, Felső Tisza-Part 25, 6723','8:00 - 16:00','We are looking for a Solution Architect to join our team in Szeged.','Irodai','2','Solution Architect','1','135');
Insert into ALLAS_LEHETOSEG (HELYSZIN,MUSZAK,LEIRAS,TIPUS,MC_ID,ALLAS_NEV,KAT_ID,ID) values ('Szeged, Felső Tisza-Part 25, 6723','8:00 - 16:00','We are looking for a Senior Big Data Developer to join our team in Szeged.','Irodai','2','Senior Big Data Developer','1','136');
Insert into ALLAS_LEHETOSEG (HELYSZIN,MUSZAK,LEIRAS,TIPUS,MC_ID,ALLAS_NEV,KAT_ID,ID) values ('Szeged, Felső Tisza-Part 25, 6723','8:00 - 16:00','We are looking for a Software Test Automation Engineer to join our team in Hungary.','Irodai','2',' Software Test Automation Engineer','1','137');
Insert into ALLAS_LEHETOSEG (HELYSZIN,MUSZAK,LEIRAS,TIPUS,MC_ID,ALLAS_NEV,KAT_ID,ID) values ('SZTE IRINYI ÉPÜLET','16:00 - 20:00','Hard','irodai','4','Programozó informatikus','IT','2');
Insert into ALLAS_LEHETOSEG (HELYSZIN,MUSZAK,LEIRAS,TIPUS,MC_ID,ALLAS_NEV,KAT_ID,ID) values ('Szeged ','00:00 - 20:00','Nehézkes','fizikai','4','Gépészmérnök','IT','3');
Insert into ALLAS_LEHETOSEG (HELYSZIN,MUSZAK,LEIRAS,TIPUS,MC_ID,ALLAS_NEV,KAT_ID,ID) values ('Szeged Irinyi Épület','12:00 - 18:00','LEIRAS','irodai','5','Gazdaságinformatika','FINANCE','9');
Insert into ALLAS_LEHETOSEG (HELYSZIN,MUSZAK,LEIRAS,TIPUS,MC_ID,ALLAS_NEV,KAT_ID,ID) values ('Szeged Bolyai Épület','8:00 - 16:00','LEIRAs','irodai','5','Programozó informatikus','FINANCE','10');
Insert into ALLAS_LEHETOSEG (HELYSZIN,MUSZAK,LEIRAS,TIPUS,MC_ID,ALLAS_NEV,KAT_ID,ID) values ('Szeged Bolyai Épület','8:00 - 16:00','ujleIRAS','konnyu_fizikai','5','Mérnökinformatika','FINANCE','11');
REM INSERTING into ISKOLAI_VEGZETTSEGEK
SET DEFINE OFF;
Insert into ISKOLAI_VEGZETTSEGEK (MEGNEVEZES,CV_ID) values ('8 általános','1');
Insert into ISKOLAI_VEGZETTSEGEK (MEGNEVEZES,CV_ID) values ('középiskola','2');
Insert into ISKOLAI_VEGZETTSEGEK (MEGNEVEZES,CV_ID) values ('egyetem','3');
Insert into ISKOLAI_VEGZETTSEGEK (MEGNEVEZES,CV_ID) values ('PhD','4');
REM INSERTING into KOZVETITESEK
SET DEFINE OFF;
Insert into KOZVETITESEK (MV_ID,KV_ID,MC_ID,ID,AL_ID) values ('2','22','3','1','23');
Insert into KOZVETITESEK (MV_ID,KV_ID,MC_ID,ID,AL_ID) values ('2','22','8','2','8');
Insert into KOZVETITESEK (MV_ID,KV_ID,MC_ID,ID,AL_ID) values ('2','22','7','3','6');
Insert into KOZVETITESEK (MV_ID,KV_ID,MC_ID,ID,AL_ID) values ('1','1','2','100','128');
Insert into KOZVETITESEK (MV_ID,KV_ID,MC_ID,ID,AL_ID) values ('1','1','100','101','25');
Insert into KOZVETITESEK (MV_ID,KV_ID,MC_ID,ID,AL_ID) values ('4','1','100','102','24');
Insert into KOZVETITESEK (MV_ID,KV_ID,MC_ID,ID,AL_ID) values ('102','1','103','103','124');
Insert into KOZVETITESEK (MV_ID,KV_ID,MC_ID,ID,AL_ID) values ('1','1','103','104','125');
Insert into KOZVETITESEK (MV_ID,KV_ID,MC_ID,ID,AL_ID) values ('101','1','100','105','26');
Insert into KOZVETITESEK (MV_ID,KV_ID,MC_ID,ID,AL_ID) values ('1','1','101','106','101');
Insert into KOZVETITESEK (MV_ID,KV_ID,MC_ID,ID,AL_ID) values ('101','1','103','107','123');
Insert into KOZVETITESEK (MV_ID,KV_ID,MC_ID,ID,AL_ID) values ('2','1','5','108','10');
Insert into KOZVETITESEK (MV_ID,KV_ID,MC_ID,ID,AL_ID) values ('4','1','2','109','129');
Insert into KOZVETITESEK (MV_ID,KV_ID,MC_ID,ID,AL_ID) values ('4','1','4','110','4');
Insert into KOZVETITESEK (MV_ID,KV_ID,MC_ID,ID,AL_ID) values ('102','1','102','111','109');
Insert into KOZVETITESEK (MV_ID,KV_ID,MC_ID,ID,AL_ID) values ('101','1','4','112','1');
Insert into KOZVETITESEK (MV_ID,KV_ID,MC_ID,ID,AL_ID) values ('102','1','5','113','12');
Insert into KOZVETITESEK (MV_ID,KV_ID,MC_ID,ID,AL_ID) values ('102','1','3','114','7');
Insert into KOZVETITESEK (MV_ID,KV_ID,MC_ID,ID,AL_ID) values ('1','1','102','115','108');
Insert into KOZVETITESEK (MV_ID,KV_ID,MC_ID,ID,AL_ID) values ('4','1','5','116','9');
Insert into KOZVETITESEK (MV_ID,KV_ID,MC_ID,ID,AL_ID) values ('101','1','101','117','100');
REM INSERTING into KOZVETITO
SET DEFINE OFF;
Insert into KOZVETITO (NEV,HELYSZIN,USERNAME,KV_ADOSZAM,ADOSZAM) values ('Szabó Barnabás','Baja','szabarnaKV','123123132','22');
Insert into KOZVETITO (NEV,HELYSZIN,USERNAME,KV_ADOSZAM,ADOSZAM) values (null,null,'kv12',null,'1');
REM INSERTING into MUNKALTATO_CEG
SET DEFINE OFF;
Insert into MUNKALTATO_CEG (NEV,TELEPHELY,USERNAME,KAT_ID,MC_ADOSZAM,ADOSZAM) values (null,null,'kvUj',null,null,'1');
Insert into MUNKALTATO_CEG (NEV,TELEPHELY,USERNAME,KAT_ID,MC_ADOSZAM,ADOSZAM) values (null,null,'mk4',null,null,'6');
Insert into MUNKALTATO_CEG (NEV,TELEPHELY,USERNAME,KAT_ID,MC_ADOSZAM,ADOSZAM) values ('test1kettő','Szeged Irinyi Épület','test12','2','12312345642','8');
Insert into MUNKALTATO_CEG (NEV,TELEPHELY,USERNAME,KAT_ID,MC_ADOSZAM,ADOSZAM) values ('PlaceHolder Kft.','Szeged','mk2','1','314767858','4');
Insert into MUNKALTATO_CEG (NEV,TELEPHELY,USERNAME,KAT_ID,MC_ADOSZAM,ADOSZAM) values ('PlaceHolder Kft.','Szeged','mk3','1','314767858','5');
Insert into MUNKALTATO_CEG (NEV,TELEPHELY,USERNAME,KAT_ID,MC_ADOSZAM,ADOSZAM) values (null,null,'mkuj',null,null,'21');
Insert into MUNKALTATO_CEG (NEV,TELEPHELY,USERNAME,KAT_ID,MC_ADOSZAM,ADOSZAM) values ('SZTE DIGIKÉP TANSZÉK','Szeged Irinyi Épület','ujMunkaltato','1','12312345642','7');
Insert into MUNKALTATO_CEG (NEV,TELEPHELY,USERNAME,KAT_ID,MC_ADOSZAM,ADOSZAM) values ('SZTE Szoftverfejlesztés','Szeged Irinyi Épület','mk1','1','12312345642','3');
Insert into MUNKALTATO_CEG (NEV,TELEPHELY,USERNAME,KAT_ID,MC_ADOSZAM,ADOSZAM) values ('Szerencse Játék Zrt.','1015 Budapest, Csalogány utca 30-32.','szerencsezrt',null,'10580204244','100');
Insert into MUNKALTATO_CEG (NEV,TELEPHELY,USERNAME,KAT_ID,MC_ADOSZAM,ADOSZAM) values ('Baans Kitchen','6781 Domaszék, Klebelsberg Kunó utca 7.','baans',null,'25781119206','103');
Insert into MUNKALTATO_CEG (NEV,TELEPHELY,USERNAME,KAT_ID,MC_ADOSZAM,ADOSZAM) values ('EPAM','1083 Budapest, Bókay János utca 44-46.','epam','1','12548051244','2');
Insert into MUNKALTATO_CEG (NEV,TELEPHELY,USERNAME,KAT_ID,MC_ADOSZAM,ADOSZAM) values ('CD Project RED','ul. Jagiellońska 74, 03-301 Warsaw','cdprojectred','1','336733628','101');
Insert into MUNKALTATO_CEG (NEV,TELEPHELY,USERNAME,KAT_ID,MC_ADOSZAM,ADOSZAM) values ('OTP BANK','1051 Budapest, Nádor u.16.','otp','2','10537914444','102');
REM INSERTING into MUNKALTATO_CEG_KATEGORIAK
SET DEFINE OFF;
Insert into MUNKALTATO_CEG_KATEGORIAK (MEGNEVEZES,ID) values ('IT','1');
Insert into MUNKALTATO_CEG_KATEGORIAK (MEGNEVEZES,ID) values ('FINANCE','2');
REM INSERTING into MUNKAVALLALO
SET DEFINE OFF;
Insert into MUNKAVALLALO (NEM,SZUL_DATUM,LAKCIM,NEV,USERNAME,KAT_ID,IV_ID,SZT_ID,SZEMELY_SZAM) values ('férfi',to_date('00-JÚL.  -22','RR-MON-DD'),'6500 Baja','Szabó Barnabás','szabarna','1','4','3','2');
Insert into MUNKAVALLALO (NEM,SZUL_DATUM,LAKCIM,NEV,USERNAME,KAT_ID,IV_ID,SZT_ID,SZEMELY_SZAM) values ('férfi',to_date('70-JAN.  -01','RR-MON-DD'),'6500 Baja','Szabó Barnabás','mv1','2','2','2','3');
Insert into MUNKAVALLALO (NEM,SZUL_DATUM,LAKCIM,NEV,USERNAME,KAT_ID,IV_ID,SZT_ID,SZEMELY_SZAM) values ('férfi',to_date('06-JAN.  -01','RR-MON-DD'),'Baja','test1kettő','mv2','2','2','2','4');
Insert into MUNKAVALLALO (NEM,SZUL_DATUM,LAKCIM,NEV,USERNAME,KAT_ID,IV_ID,SZT_ID,SZEMELY_SZAM) values ('férfi',to_date('70-JAN.  -01','RR-MON-DD'),'Baja','Szabó Barnabás','mv5','1','2','2','101');
Insert into MUNKAVALLALO (NEM,SZUL_DATUM,LAKCIM,NEV,USERNAME,KAT_ID,IV_ID,SZT_ID,SZEMELY_SZAM) values ('férfi',to_date('70-JAN.  -01','RR-MON-DD'),'6500 Baja','Baans Kitchen','mv6','3','2','2','102');
Insert into MUNKAVALLALO (NEM,SZUL_DATUM,LAKCIM,NEV,USERNAME,KAT_ID,IV_ID,SZT_ID,SZEMELY_SZAM) values ('férfi',to_date('70-JAN.  -01','RR-MON-DD'),'Baja','PlaceHolder Kft.','mv3','2','2','2','1');
REM INSERTING into MUNKAVALLALO_KATEGORIAK
SET DEFINE OFF;
Insert into MUNKAVALLALO_KATEGORIAK (MEGNEVEZES,ID) values ('IT','1');
Insert into MUNKAVALLALO_KATEGORIAK (MEGNEVEZES,ID) values ('FINANCE','2');
Insert into MUNKAVALLALO_KATEGORIAK (MEGNEVEZES,ID) values ('SPORT','3');
Insert into MUNKAVALLALO_KATEGORIAK (MEGNEVEZES,ID) values ('Hospitality','4');
REM INSERTING into ONELETRAJZ
SET DEFINE OFF;
Insert into ONELETRAJZ (REFERENCIA,MV_ID,ID) values ('I AM VERY SZORGOS','2','2');
Insert into ONELETRAJZ (REFERENCIA,MV_ID,ID) values ('GOOD BOI','3','3');
Insert into ONELETRAJZ (REFERENCIA,MV_ID,ID) values ('still a kid','4','4');
Insert into ONELETRAJZ (REFERENCIA,MV_ID,ID) values (null,'101','100');
Insert into ONELETRAJZ (REFERENCIA,MV_ID,ID) values (null,'102','101');
Insert into ONELETRAJZ (REFERENCIA,MV_ID,ID) values (null,'1','1');
REM INSERTING into REGISTER
SET DEFINE OFF;
Insert into REGISTER (USERNAME,REG_DATE,MV_ID,MC_ID,KV_ID) values ('kvUj',to_date('22-ÁPR.  -28','RR-MON-DD'),null,'1',null);
Insert into REGISTER (USERNAME,REG_DATE,MV_ID,MC_ID,KV_ID) values ('mv1',to_date('22-ÁPR.  -27','RR-MON-DD'),'3',null,null);
Insert into REGISTER (USERNAME,REG_DATE,MV_ID,MC_ID,KV_ID) values ('mv2',to_date('22-ÁPR.  -27','RR-MON-DD'),'4',null,null);
Insert into REGISTER (USERNAME,REG_DATE,MV_ID,MC_ID,KV_ID) values ('mk2',to_date('22-ÁPR.  -27','RR-MON-DD'),null,'4',null);
Insert into REGISTER (USERNAME,REG_DATE,MV_ID,MC_ID,KV_ID) values ('mk3',to_date('22-ÁPR.  -27','RR-MON-DD'),null,'5',null);
Insert into REGISTER (USERNAME,REG_DATE,MV_ID,MC_ID,KV_ID) values ('szabarna',to_date('22-ÁPR.  -27','RR-MON-DD'),'2',null,null);
Insert into REGISTER (USERNAME,REG_DATE,MV_ID,MC_ID,KV_ID) values ('mk4',to_date('22-ÁPR.  -28','RR-MON-DD'),null,'6',null);
Insert into REGISTER (USERNAME,REG_DATE,MV_ID,MC_ID,KV_ID) values ('test12',to_date('22-ÁPR.  -28','RR-MON-DD'),null,'8',null);
Insert into REGISTER (USERNAME,REG_DATE,MV_ID,MC_ID,KV_ID) values ('mkuj',to_date('22-ÁPR.  -28','RR-MON-DD'),null,'21',null);
Insert into REGISTER (USERNAME,REG_DATE,MV_ID,MC_ID,KV_ID) values ('ujMunkaltato',to_date('22-ÁPR.  -28','RR-MON-DD'),null,'7',null);
Insert into REGISTER (USERNAME,REG_DATE,MV_ID,MC_ID,KV_ID) values ('mk1',to_date('22-ÁPR.  -28','RR-MON-DD'),null,'3',null);
Insert into REGISTER (USERNAME,REG_DATE,MV_ID,MC_ID,KV_ID) values ('szabarnaKV',to_date('22-ÁPR.  -30','RR-MON-DD'),null,null,'22');
Insert into REGISTER (USERNAME,REG_DATE,MV_ID,MC_ID,KV_ID) values ('szerencsezrt',to_date('22-MÁJ.  -01','RR-MON-DD'),null,'100',null);
Insert into REGISTER (USERNAME,REG_DATE,MV_ID,MC_ID,KV_ID) values ('baans',to_date('22-MÁJ.  -01','RR-MON-DD'),null,'103',null);
Insert into REGISTER (USERNAME,REG_DATE,MV_ID,MC_ID,KV_ID) values ('mv6',to_date('22-MÁJ.  -01','RR-MON-DD'),'102',null,null);
Insert into REGISTER (USERNAME,REG_DATE,MV_ID,MC_ID,KV_ID) values ('mv5',to_date('22-MÁJ.  -01','RR-MON-DD'),'101',null,null);
Insert into REGISTER (USERNAME,REG_DATE,MV_ID,MC_ID,KV_ID) values ('kv12',to_date('22-MÁJ.  -01','RR-MON-DD'),null,null,'1');
Insert into REGISTER (USERNAME,REG_DATE,MV_ID,MC_ID,KV_ID) values ('epam',to_date('22-MÁJ.  -01','RR-MON-DD'),null,'2',null);
Insert into REGISTER (USERNAME,REG_DATE,MV_ID,MC_ID,KV_ID) values ('cdprojectred',to_date('22-MÁJ.  -01','RR-MON-DD'),null,'101',null);
Insert into REGISTER (USERNAME,REG_DATE,MV_ID,MC_ID,KV_ID) values ('otp',to_date('22-MÁJ.  -01','RR-MON-DD'),null,'102',null);
Insert into REGISTER (USERNAME,REG_DATE,MV_ID,MC_ID,KV_ID) values ('mv3',to_date('22-MÁJ.  -01','RR-MON-DD'),'1',null,null);
REM INSERTING into SZAKMAI_TAPASZTALAT
SET DEFINE OFF;
Insert into SZAKMAI_TAPASZTALAT (MEGNEVEZES,CV_ID) values ('tanuló','1');
Insert into SZAKMAI_TAPASZTALAT (MEGNEVEZES,CV_ID) values ('junior','2');
Insert into SZAKMAI_TAPASZTALAT (MEGNEVEZES,CV_ID) values ('senior','3');
--------------------------------------------------------
--  DDL for Index REGISTER_PK
--------------------------------------------------------

  CREATE UNIQUE INDEX "REGISTER_PK" ON "REGISTER" ("USERNAME") 
  PCTFREE 10 INITRANS 2 MAXTRANS 255 COMPUTE STATISTICS 
  STORAGE(INITIAL 65536 NEXT 1048576 MINEXTENTS 1 MAXEXTENTS 2147483645
  PCTINCREASE 0 FREELISTS 1 FREELIST GROUPS 1
  BUFFER_POOL DEFAULT FLASH_CACHE DEFAULT CELL_FLASH_CACHE DEFAULT)
  TABLESPACE "USERS" ;
--------------------------------------------------------
--  DDL for Index SYS_C0010080
--------------------------------------------------------

  CREATE UNIQUE INDEX "SYS_C0010080" ON "KOZVETITO" ("ADOSZAM") 
  PCTFREE 10 INITRANS 2 MAXTRANS 255 COMPUTE STATISTICS 
  STORAGE(INITIAL 65536 NEXT 1048576 MINEXTENTS 1 MAXEXTENTS 2147483645
  PCTINCREASE 0 FREELISTS 1 FREELIST GROUPS 1
  BUFFER_POOL DEFAULT FLASH_CACHE DEFAULT CELL_FLASH_CACHE DEFAULT)
  TABLESPACE "USERS" ;
--------------------------------------------------------
--  DDL for Index SYS_C0010072
--------------------------------------------------------

  CREATE UNIQUE INDEX "SYS_C0010072" ON "ISKOLAI_VEGZETTSEGEK" ("CV_ID") 
  PCTFREE 10 INITRANS 2 MAXTRANS 255 COMPUTE STATISTICS 
  STORAGE(INITIAL 65536 NEXT 1048576 MINEXTENTS 1 MAXEXTENTS 2147483645
  PCTINCREASE 0 FREELISTS 1 FREELIST GROUPS 1
  BUFFER_POOL DEFAULT FLASH_CACHE DEFAULT CELL_FLASH_CACHE DEFAULT)
  TABLESPACE "USERS" ;
--------------------------------------------------------
--  DDL for Index SYS_C0010092
--------------------------------------------------------

  CREATE UNIQUE INDEX "SYS_C0010092" ON "MUNKAVALLALO" ("SZEMELY_SZAM") 
  PCTFREE 10 INITRANS 2 MAXTRANS 255 COMPUTE STATISTICS 
  STORAGE(INITIAL 65536 NEXT 1048576 MINEXTENTS 1 MAXEXTENTS 2147483645
  PCTINCREASE 0 FREELISTS 1 FREELIST GROUPS 1
  BUFFER_POOL DEFAULT FLASH_CACHE DEFAULT CELL_FLASH_CACHE DEFAULT)
  TABLESPACE "USERS" ;
--------------------------------------------------------
--  DDL for Index SYS_C0010103
--------------------------------------------------------

  CREATE UNIQUE INDEX "SYS_C0010103" ON "ONELETRAJZ" ("ID") 
  PCTFREE 10 INITRANS 2 MAXTRANS 255 COMPUTE STATISTICS 
  STORAGE(INITIAL 65536 NEXT 1048576 MINEXTENTS 1 MAXEXTENTS 2147483645
  PCTINCREASE 0 FREELISTS 1 FREELIST GROUPS 1
  BUFFER_POOL DEFAULT FLASH_CACHE DEFAULT CELL_FLASH_CACHE DEFAULT)
  TABLESPACE "USERS" ;
--------------------------------------------------------
--  DDL for Index SYS_C0010088
--------------------------------------------------------

  CREATE UNIQUE INDEX "SYS_C0010088" ON "MUNKALTATO_CEG_KATEGORIAK" ("ID") 
  PCTFREE 10 INITRANS 2 MAXTRANS 255 COMPUTE STATISTICS 
  STORAGE(INITIAL 65536 NEXT 1048576 MINEXTENTS 1 MAXEXTENTS 2147483645
  PCTINCREASE 0 FREELISTS 1 FREELIST GROUPS 1
  BUFFER_POOL DEFAULT FLASH_CACHE DEFAULT CELL_FLASH_CACHE DEFAULT)
  TABLESPACE "USERS" ;
--------------------------------------------------------
--  DDL for Index KOZVETITESEK_PK
--------------------------------------------------------

  CREATE UNIQUE INDEX "KOZVETITESEK_PK" ON "KOZVETITESEK" ("ID") 
  PCTFREE 10 INITRANS 2 MAXTRANS 255 COMPUTE STATISTICS 
  STORAGE(INITIAL 65536 NEXT 1048576 MINEXTENTS 1 MAXEXTENTS 2147483645
  PCTINCREASE 0 FREELISTS 1 FREELIST GROUPS 1
  BUFFER_POOL DEFAULT FLASH_CACHE DEFAULT CELL_FLASH_CACHE DEFAULT)
  TABLESPACE "USERS" ;
--------------------------------------------------------
--  DDL for Index ALLAS_LEHETOSEG_PK
--------------------------------------------------------

  CREATE UNIQUE INDEX "ALLAS_LEHETOSEG_PK" ON "ALLAS_LEHETOSEG" ("ID") 
  PCTFREE 10 INITRANS 2 MAXTRANS 255 COMPUTE STATISTICS 
  STORAGE(INITIAL 65536 NEXT 1048576 MINEXTENTS 1 MAXEXTENTS 2147483645
  PCTINCREASE 0 FREELISTS 1 FREELIST GROUPS 1
  BUFFER_POOL DEFAULT FLASH_CACHE DEFAULT CELL_FLASH_CACHE DEFAULT)
  TABLESPACE "USERS" ;
--------------------------------------------------------
--  DDL for Index SYS_C0010084
--------------------------------------------------------

  CREATE UNIQUE INDEX "SYS_C0010084" ON "MUNKALTATO_CEG" ("ADOSZAM") 
  PCTFREE 10 INITRANS 2 MAXTRANS 255 COMPUTE STATISTICS 
  STORAGE(INITIAL 65536 NEXT 1048576 MINEXTENTS 1 MAXEXTENTS 2147483645
  PCTINCREASE 0 FREELISTS 1 FREELIST GROUPS 1
  BUFFER_POOL DEFAULT FLASH_CACHE DEFAULT CELL_FLASH_CACHE DEFAULT)
  TABLESPACE "USERS" ;
--------------------------------------------------------
--  DDL for Index SYS_C0010095
--------------------------------------------------------

  CREATE UNIQUE INDEX "SYS_C0010095" ON "MUNKAVALLALO_KATEGORIAK" ("ID") 
  PCTFREE 10 INITRANS 2 MAXTRANS 255 COMPUTE STATISTICS 
  STORAGE(INITIAL 65536 NEXT 1048576 MINEXTENTS 1 MAXEXTENTS 2147483645
  PCTINCREASE 0 FREELISTS 1 FREELIST GROUPS 1
  BUFFER_POOL DEFAULT FLASH_CACHE DEFAULT CELL_FLASH_CACHE DEFAULT)
  TABLESPACE "USERS" ;
--------------------------------------------------------
--  DDL for Index SYS_C0010069
--------------------------------------------------------

  CREATE UNIQUE INDEX "SYS_C0010069" ON "ALLAS_JELENTKEZES" ("ID") 
  PCTFREE 10 INITRANS 2 MAXTRANS 255 COMPUTE STATISTICS 
  STORAGE(INITIAL 65536 NEXT 1048576 MINEXTENTS 1 MAXEXTENTS 2147483645
  PCTINCREASE 0 FREELISTS 1 FREELIST GROUPS 1
  BUFFER_POOL DEFAULT FLASH_CACHE DEFAULT CELL_FLASH_CACHE DEFAULT)
  TABLESPACE "USERS" ;
--------------------------------------------------------
--  DDL for Index SYS_C0010106
--------------------------------------------------------

  CREATE UNIQUE INDEX "SYS_C0010106" ON "SZAKMAI_TAPASZTALAT" ("CV_ID") 
  PCTFREE 10 INITRANS 2 MAXTRANS 255 COMPUTE STATISTICS 
  STORAGE(INITIAL 65536 NEXT 1048576 MINEXTENTS 1 MAXEXTENTS 2147483645
  PCTINCREASE 0 FREELISTS 1 FREELIST GROUPS 1
  BUFFER_POOL DEFAULT FLASH_CACHE DEFAULT CELL_FLASH_CACHE DEFAULT)
  TABLESPACE "USERS" ;
--------------------------------------------------------
--  DDL for Trigger BEFORE_REG_INSERT_OR_UPDATE
--------------------------------------------------------

  CREATE OR REPLACE EDITIONABLE TRIGGER "BEFORE_REG_INSERT_OR_UPDATE" 
BEFORE INSERT OR UPDATE ON REGISTER
FOR EACH ROW
BEGIN
    IF (:NEW.MV_ID = null and :NEW.MC_ID = null and :NEW.KV_ID = null) THEN
        RAISE_APPLICATION_ERROR(-20001, 'All 3 values are null');
    END IF;
END;
/
ALTER TRIGGER "BEFORE_REG_INSERT_OR_UPDATE" ENABLE;
--------------------------------------------------------
--  DDL for Trigger ONKV_INSERT
--------------------------------------------------------

  CREATE OR REPLACE EDITIONABLE TRIGGER "ONKV_INSERT" 
after insert on kozvetito
for each row
begin
    update register set kv_id = :NEW.adoszam, reg_date = CURRENT_DATE WHERE username = :NEW.username;
end;


/
ALTER TRIGGER "ONKV_INSERT" ENABLE;
--------------------------------------------------------
--  DDL for Trigger ONMC_INSERT
--------------------------------------------------------

  CREATE OR REPLACE EDITIONABLE TRIGGER "ONMC_INSERT" 
after insert on munkaltato_ceg
for each row
begin
    update register set mc_id = :NEW.adoszam, reg_date = CURRENT_DATE WHERE username = :NEW.username;
end;


/
ALTER TRIGGER "ONMC_INSERT" ENABLE;
--------------------------------------------------------
--  DDL for Trigger ONMV_INSERT
--------------------------------------------------------

  CREATE OR REPLACE EDITIONABLE TRIGGER "ONMV_INSERT" 
after insert on munkavallalo
for each row
begin
    update register set mv_id = :NEW.szemely_szam, reg_date = CURRENT_DATE WHERE username = :NEW.username;
    insert into oneletrajz (mv_id) values (:NEW.szemely_szam);
end;


/
ALTER TRIGGER "ONMV_INSERT" ENABLE;
--------------------------------------------------------
--  Constraints for Table ALLAS_JELENTKEZES
--------------------------------------------------------

  ALTER TABLE "ALLAS_JELENTKEZES" MODIFY ("AL_ID" NOT NULL ENABLE);
  ALTER TABLE "ALLAS_JELENTKEZES" ADD CONSTRAINT "ALLAS_JELENTKEZES_PK" PRIMARY KEY ("ID")
  USING INDEX PCTFREE 10 INITRANS 2 MAXTRANS 255 COMPUTE STATISTICS 
  STORAGE(INITIAL 65536 NEXT 1048576 MINEXTENTS 1 MAXEXTENTS 2147483645
  PCTINCREASE 0 FREELISTS 1 FREELIST GROUPS 1
  BUFFER_POOL DEFAULT FLASH_CACHE DEFAULT CELL_FLASH_CACHE DEFAULT)
  TABLESPACE "USERS"  ENABLE;
  ALTER TABLE "ALLAS_JELENTKEZES" MODIFY ("MV_ADOSZAM" NOT NULL ENABLE);
  ALTER TABLE "ALLAS_JELENTKEZES" MODIFY ("MC_ADOSZAM" NOT NULL ENABLE);
  ALTER TABLE "ALLAS_JELENTKEZES" MODIFY ("ID" NOT NULL ENABLE);
--------------------------------------------------------
--  Constraints for Table SZAKMAI_TAPASZTALAT
--------------------------------------------------------

  ALTER TABLE "SZAKMAI_TAPASZTALAT" ADD CONSTRAINT "SZAKMAI_TAPASZTALAT_PK" PRIMARY KEY ("CV_ID")
  USING INDEX PCTFREE 10 INITRANS 2 MAXTRANS 255 COMPUTE STATISTICS 
  STORAGE(INITIAL 65536 NEXT 1048576 MINEXTENTS 1 MAXEXTENTS 2147483645
  PCTINCREASE 0 FREELISTS 1 FREELIST GROUPS 1
  BUFFER_POOL DEFAULT FLASH_CACHE DEFAULT CELL_FLASH_CACHE DEFAULT)
  TABLESPACE "USERS"  ENABLE;
  ALTER TABLE "SZAKMAI_TAPASZTALAT" MODIFY ("CV_ID" NOT NULL ENABLE);
--------------------------------------------------------
--  Constraints for Table KOZVETITO
--------------------------------------------------------

  ALTER TABLE "KOZVETITO" ADD CONSTRAINT "KOZVETITO_PK" PRIMARY KEY ("ADOSZAM")
  USING INDEX PCTFREE 10 INITRANS 2 MAXTRANS 255 COMPUTE STATISTICS 
  STORAGE(INITIAL 65536 NEXT 1048576 MINEXTENTS 1 MAXEXTENTS 2147483645
  PCTINCREASE 0 FREELISTS 1 FREELIST GROUPS 1
  BUFFER_POOL DEFAULT FLASH_CACHE DEFAULT CELL_FLASH_CACHE DEFAULT)
  TABLESPACE "USERS"  ENABLE;
  ALTER TABLE "KOZVETITO" MODIFY ("ADOSZAM" NOT NULL ENABLE);
--------------------------------------------------------
--  Constraints for Table MUNKAVALLALO_KATEGORIAK
--------------------------------------------------------

  ALTER TABLE "MUNKAVALLALO_KATEGORIAK" ADD CONSTRAINT "MUNKAVALLALO_KATEGORIAK_PK" PRIMARY KEY ("ID")
  USING INDEX PCTFREE 10 INITRANS 2 MAXTRANS 255 COMPUTE STATISTICS 
  STORAGE(INITIAL 65536 NEXT 1048576 MINEXTENTS 1 MAXEXTENTS 2147483645
  PCTINCREASE 0 FREELISTS 1 FREELIST GROUPS 1
  BUFFER_POOL DEFAULT FLASH_CACHE DEFAULT CELL_FLASH_CACHE DEFAULT)
  TABLESPACE "USERS"  ENABLE;
  ALTER TABLE "MUNKAVALLALO_KATEGORIAK" MODIFY ("ID" NOT NULL ENABLE);
--------------------------------------------------------
--  Constraints for Table ONELETRAJZ
--------------------------------------------------------

  ALTER TABLE "ONELETRAJZ" MODIFY ("MV_ID" NOT NULL ENABLE);
  ALTER TABLE "ONELETRAJZ" ADD CONSTRAINT "ONELETRAJZ_PK" PRIMARY KEY ("ID")
  USING INDEX PCTFREE 10 INITRANS 2 MAXTRANS 255 COMPUTE STATISTICS 
  STORAGE(INITIAL 65536 NEXT 1048576 MINEXTENTS 1 MAXEXTENTS 2147483645
  PCTINCREASE 0 FREELISTS 1 FREELIST GROUPS 1
  BUFFER_POOL DEFAULT FLASH_CACHE DEFAULT CELL_FLASH_CACHE DEFAULT)
  TABLESPACE "USERS"  ENABLE;
  ALTER TABLE "ONELETRAJZ" MODIFY ("ID" NOT NULL ENABLE);
--------------------------------------------------------
--  Constraints for Table ALLAS_LEHETOSEG
--------------------------------------------------------

  ALTER TABLE "ALLAS_LEHETOSEG" ADD CONSTRAINT "ALLAS_LEHETOSEG_PK" PRIMARY KEY ("ID")
  USING INDEX PCTFREE 10 INITRANS 2 MAXTRANS 255 COMPUTE STATISTICS 
  STORAGE(INITIAL 65536 NEXT 1048576 MINEXTENTS 1 MAXEXTENTS 2147483645
  PCTINCREASE 0 FREELISTS 1 FREELIST GROUPS 1
  BUFFER_POOL DEFAULT FLASH_CACHE DEFAULT CELL_FLASH_CACHE DEFAULT)
  TABLESPACE "USERS"  ENABLE;
  ALTER TABLE "ALLAS_LEHETOSEG" MODIFY ("MC_ID" NOT NULL ENABLE);
  ALTER TABLE "ALLAS_LEHETOSEG" MODIFY ("ID" NOT NULL ENABLE);
--------------------------------------------------------
--  Constraints for Table MUNKALTATO_CEG_KATEGORIAK
--------------------------------------------------------

  ALTER TABLE "MUNKALTATO_CEG_KATEGORIAK" ADD CONSTRAINT "MUNKALTATO_CEG_KATEGORIAK_PK" PRIMARY KEY ("ID")
  USING INDEX PCTFREE 10 INITRANS 2 MAXTRANS 255 COMPUTE STATISTICS 
  STORAGE(INITIAL 65536 NEXT 1048576 MINEXTENTS 1 MAXEXTENTS 2147483645
  PCTINCREASE 0 FREELISTS 1 FREELIST GROUPS 1
  BUFFER_POOL DEFAULT FLASH_CACHE DEFAULT CELL_FLASH_CACHE DEFAULT)
  TABLESPACE "USERS"  ENABLE;
  ALTER TABLE "MUNKALTATO_CEG_KATEGORIAK" MODIFY ("ID" NOT NULL ENABLE);
--------------------------------------------------------
--  Constraints for Table MUNKAVALLALO
--------------------------------------------------------

  ALTER TABLE "MUNKAVALLALO" ADD CONSTRAINT "MUNKAVALLALO_PK" PRIMARY KEY ("SZEMELY_SZAM")
  USING INDEX PCTFREE 10 INITRANS 2 MAXTRANS 255 COMPUTE STATISTICS 
  STORAGE(INITIAL 65536 NEXT 1048576 MINEXTENTS 1 MAXEXTENTS 2147483645
  PCTINCREASE 0 FREELISTS 1 FREELIST GROUPS 1
  BUFFER_POOL DEFAULT FLASH_CACHE DEFAULT CELL_FLASH_CACHE DEFAULT)
  TABLESPACE "USERS"  ENABLE;
  ALTER TABLE "MUNKAVALLALO" MODIFY ("SZEMELY_SZAM" NOT NULL ENABLE);
--------------------------------------------------------
--  Constraints for Table MUNKALTATO_CEG
--------------------------------------------------------

  ALTER TABLE "MUNKALTATO_CEG" ADD CONSTRAINT "MUNKALTATO_CEG_PK" PRIMARY KEY ("ADOSZAM")
  USING INDEX PCTFREE 10 INITRANS 2 MAXTRANS 255 COMPUTE STATISTICS 
  STORAGE(INITIAL 65536 NEXT 1048576 MINEXTENTS 1 MAXEXTENTS 2147483645
  PCTINCREASE 0 FREELISTS 1 FREELIST GROUPS 1
  BUFFER_POOL DEFAULT FLASH_CACHE DEFAULT CELL_FLASH_CACHE DEFAULT)
  TABLESPACE "USERS"  ENABLE;
  ALTER TABLE "MUNKALTATO_CEG" MODIFY ("ADOSZAM" NOT NULL ENABLE);
--------------------------------------------------------
--  Constraints for Table KOZVETITESEK
--------------------------------------------------------

  ALTER TABLE "KOZVETITESEK" MODIFY ("MV_ID" NOT NULL ENABLE);
  ALTER TABLE "KOZVETITESEK" MODIFY ("KV_ID" NOT NULL ENABLE);
  ALTER TABLE "KOZVETITESEK" MODIFY ("ID" NOT NULL ENABLE);
--------------------------------------------------------
--  Constraints for Table REGISTER
--------------------------------------------------------

  ALTER TABLE "REGISTER" MODIFY ("USERNAME" NOT NULL ENABLE);
  ALTER TABLE "REGISTER" ADD CONSTRAINT "REGISTER_PK" PRIMARY KEY ("USERNAME")
  USING INDEX PCTFREE 10 INITRANS 2 MAXTRANS 255 COMPUTE STATISTICS 
  STORAGE(INITIAL 65536 NEXT 1048576 MINEXTENTS 1 MAXEXTENTS 2147483645
  PCTINCREASE 0 FREELISTS 1 FREELIST GROUPS 1
  BUFFER_POOL DEFAULT FLASH_CACHE DEFAULT CELL_FLASH_CACHE DEFAULT)
  TABLESPACE "USERS"  ENABLE;
--------------------------------------------------------
--  Constraints for Table ISKOLAI_VEGZETTSEGEK
--------------------------------------------------------

  ALTER TABLE "ISKOLAI_VEGZETTSEGEK" ADD CONSTRAINT "ISKOLAI_VEGZETTSEGEK_PK" PRIMARY KEY ("CV_ID")
  USING INDEX PCTFREE 10 INITRANS 2 MAXTRANS 255 COMPUTE STATISTICS 
  STORAGE(INITIAL 65536 NEXT 1048576 MINEXTENTS 1 MAXEXTENTS 2147483645
  PCTINCREASE 0 FREELISTS 1 FREELIST GROUPS 1
  BUFFER_POOL DEFAULT FLASH_CACHE DEFAULT CELL_FLASH_CACHE DEFAULT)
  TABLESPACE "USERS"  ENABLE;
  ALTER TABLE "ISKOLAI_VEGZETTSEGEK" MODIFY ("CV_ID" NOT NULL ENABLE);
--------------------------------------------------------
--  Ref Constraints for Table ALLAS_JELENTKEZES
--------------------------------------------------------

  ALTER TABLE "ALLAS_JELENTKEZES" ADD CONSTRAINT "ALLAS_JELENTKEZES_FK1" FOREIGN KEY ("MV_ADOSZAM")
	  REFERENCES "MUNKAVALLALO" ("SZEMELY_SZAM") ON DELETE CASCADE ENABLE;
  ALTER TABLE "ALLAS_JELENTKEZES" ADD CONSTRAINT "ALLAS_JELENTKEZES_FK2" FOREIGN KEY ("MC_ADOSZAM")
	  REFERENCES "MUNKALTATO_CEG" ("ADOSZAM") ON DELETE CASCADE ENABLE;
  ALTER TABLE "ALLAS_JELENTKEZES" ADD CONSTRAINT "ALLAS_JELENTKEZES_FK3" FOREIGN KEY ("AL_ID")
	  REFERENCES "ALLAS_LEHETOSEG" ("ID") ON DELETE CASCADE ENABLE;
--------------------------------------------------------
--  Ref Constraints for Table ALLAS_LEHETOSEG
--------------------------------------------------------

  ALTER TABLE "ALLAS_LEHETOSEG" ADD CONSTRAINT "ALLAS_LEHETOSEG_FK1" FOREIGN KEY ("MC_ID")
	  REFERENCES "MUNKALTATO_CEG" ("ADOSZAM") ON DELETE CASCADE ENABLE;
--------------------------------------------------------
--  Ref Constraints for Table KOZVETITESEK
--------------------------------------------------------

  ALTER TABLE "KOZVETITESEK" ADD CONSTRAINT "KOZVETITESEK_FK1" FOREIGN KEY ("MC_ID")
	  REFERENCES "MUNKALTATO_CEG" ("ADOSZAM") ON DELETE CASCADE ENABLE;
  ALTER TABLE "KOZVETITESEK" ADD CONSTRAINT "KOZVETITESEK_FK2" FOREIGN KEY ("KV_ID")
	  REFERENCES "KOZVETITO" ("ADOSZAM") ON DELETE CASCADE ENABLE;
  ALTER TABLE "KOZVETITESEK" ADD CONSTRAINT "KOZVETITESEK_FK3" FOREIGN KEY ("MV_ID")
	  REFERENCES "MUNKAVALLALO" ("SZEMELY_SZAM") ON DELETE CASCADE ENABLE;
  ALTER TABLE "KOZVETITESEK" ADD CONSTRAINT "KOZVETITESEK_FK4" FOREIGN KEY ("AL_ID")
	  REFERENCES "ALLAS_LEHETOSEG" ("ID") ENABLE;
--------------------------------------------------------
--  Ref Constraints for Table MUNKALTATO_CEG
--------------------------------------------------------

  ALTER TABLE "MUNKALTATO_CEG" ADD CONSTRAINT "MUNKALTATO_CEG_FK1" FOREIGN KEY ("KAT_ID")
	  REFERENCES "MUNKALTATO_CEG_KATEGORIAK" ("ID") ON DELETE CASCADE ENABLE;
--------------------------------------------------------
--  Ref Constraints for Table MUNKAVALLALO
--------------------------------------------------------

  ALTER TABLE "MUNKAVALLALO" ADD CONSTRAINT "MUNKAVALLALO_FK1" FOREIGN KEY ("KAT_ID")
	  REFERENCES "MUNKAVALLALO_KATEGORIAK" ("ID") ON DELETE CASCADE ENABLE;
  ALTER TABLE "MUNKAVALLALO" ADD CONSTRAINT "MUNKAVALLALO_FK2" FOREIGN KEY ("IV_ID")
	  REFERENCES "ISKOLAI_VEGZETTSEGEK" ("CV_ID") ON DELETE CASCADE ENABLE;
  ALTER TABLE "MUNKAVALLALO" ADD CONSTRAINT "MUNKAVALLALO_FK3" FOREIGN KEY ("SZT_ID")
	  REFERENCES "SZAKMAI_TAPASZTALAT" ("CV_ID") ON DELETE CASCADE ENABLE;
--------------------------------------------------------
--  Ref Constraints for Table ONELETRAJZ
--------------------------------------------------------

  ALTER TABLE "ONELETRAJZ" ADD CONSTRAINT "ONELETRAJZ_FK1" FOREIGN KEY ("MV_ID")
	  REFERENCES "MUNKAVALLALO" ("SZEMELY_SZAM") ON DELETE CASCADE ENABLE;
--------------------------------------------------------
--  Ref Constraints for Table REGISTER
--------------------------------------------------------

  ALTER TABLE "REGISTER" ADD CONSTRAINT "REGISTER_FK1" FOREIGN KEY ("MV_ID")
	  REFERENCES "MUNKAVALLALO" ("SZEMELY_SZAM") ON DELETE CASCADE ENABLE;
  ALTER TABLE "REGISTER" ADD CONSTRAINT "REGISTER_FK2" FOREIGN KEY ("MC_ID")
	  REFERENCES "MUNKALTATO_CEG" ("ADOSZAM") ON DELETE CASCADE ENABLE;
  ALTER TABLE "REGISTER" ADD CONSTRAINT "REGISTER_FK3" FOREIGN KEY ("KV_ID")
	  REFERENCES "KOZVETITO" ("ADOSZAM") ON DELETE CASCADE ENABLE;
