--------------------------------------------------------
--  File created - szerda-április-27-2022   
--------------------------------------------------------
--------------------------------------------------------
--  DDL for Sequence ALLAS_ADATOK_SEQ
--------------------------------------------------------

   CREATE SEQUENCE  "ALLAS_ADATOK_SEQ"  MINVALUE 1 MAXVALUE 9999999999999999999999999999 INCREMENT BY 1 START WITH 1 CACHE 20 NOORDER  NOCYCLE   ;
--------------------------------------------------------
--  DDL for Sequence ALLAS_JELENTKEZES_SEQ
--------------------------------------------------------

   CREATE SEQUENCE  "ALLAS_JELENTKEZES_SEQ"  MINVALUE 1 MAXVALUE 9999999999999999999999999999 INCREMENT BY 1 START WITH 1 CACHE 20 NOORDER  NOCYCLE   ;
--------------------------------------------------------
--  DDL for Sequence ALLAS_JELENTKEZES_SEQ1
--------------------------------------------------------

   CREATE SEQUENCE  "ALLAS_JELENTKEZES_SEQ1"  MINVALUE 1 MAXVALUE 9999999999999999999999999999 INCREMENT BY 1 START WITH 101 CACHE 20 NOORDER  NOCYCLE   ;
--------------------------------------------------------
--  DDL for Sequence ALLAS_LEHETOSEG_SEQ
--------------------------------------------------------

   CREATE SEQUENCE  "ALLAS_LEHETOSEG_SEQ"  MINVALUE 1 MAXVALUE 9999999999999999999999999999 INCREMENT BY 1 START WITH 21 CACHE 20 NOORDER  NOCYCLE   ;
--------------------------------------------------------
--  DDL for Sequence ALLAS_LEHETOSEG_SEQ1
--------------------------------------------------------

   CREATE SEQUENCE  "ALLAS_LEHETOSEG_SEQ1"  MINVALUE 1 MAXVALUE 9999999999999999999999999999 INCREMENT BY 1 START WITH 1 CACHE 20 NOORDER  NOCYCLE   ;
--------------------------------------------------------
--  DDL for Sequence ISKOLAI_VEGZETTSEGEK_SEQ
--------------------------------------------------------

   CREATE SEQUENCE  "ISKOLAI_VEGZETTSEGEK_SEQ"  MINVALUE 1 MAXVALUE 9999999999999999999999999999 INCREMENT BY 1 START WITH 21 CACHE 20 NOORDER  NOCYCLE   ;
--------------------------------------------------------
--  DDL for Sequence KOZVETITESEK_SEQ
--------------------------------------------------------

   CREATE SEQUENCE  "KOZVETITESEK_SEQ"  MINVALUE 1 MAXVALUE 9999999999999999999999999999 INCREMENT BY 1 START WITH 1 CACHE 20 NOORDER  NOCYCLE   ;
--------------------------------------------------------
--  DDL for Sequence KOZVETITESEK_SEQ1
--------------------------------------------------------

   CREATE SEQUENCE  "KOZVETITESEK_SEQ1"  MINVALUE 1 MAXVALUE 9999999999999999999999999999 INCREMENT BY 1 START WITH 1 CACHE 20 NOORDER  NOCYCLE   ;
--------------------------------------------------------
--  DDL for Sequence KOZVETITO_SEQ
--------------------------------------------------------

   CREATE SEQUENCE  "KOZVETITO_SEQ"  MINVALUE 1 MAXVALUE 9999999999999999999999999999 INCREMENT BY 1 START WITH 1 CACHE 20 NOORDER  NOCYCLE   ;
--------------------------------------------------------
--  DDL for Sequence KOZVETITO_SEQ1
--------------------------------------------------------

   CREATE SEQUENCE  "KOZVETITO_SEQ1"  MINVALUE 1 MAXVALUE 9999999999999999999999999999 INCREMENT BY 1 START WITH 21 CACHE 20 NOORDER  NOCYCLE   ;
--------------------------------------------------------
--  DDL for Sequence KOZVETITO_SEQ2
--------------------------------------------------------

   CREATE SEQUENCE  "KOZVETITO_SEQ2"  MINVALUE 1 MAXVALUE 9999999999999999999999999999 INCREMENT BY 1 START WITH 1 CACHE 20 NOORDER  NOCYCLE   ;
--------------------------------------------------------
--  DDL for Sequence MUNKALTATO_CEG_KATEGORIAK_SEQ
--------------------------------------------------------

   CREATE SEQUENCE  "MUNKALTATO_CEG_KATEGORIAK_SEQ"  MINVALUE 1 MAXVALUE 9999999999999999999999999999 INCREMENT BY 1 START WITH 21 CACHE 20 NOORDER  NOCYCLE   ;
--------------------------------------------------------
--  DDL for Sequence MUNKALTATO_CEG_SEQ
--------------------------------------------------------

   CREATE SEQUENCE  "MUNKALTATO_CEG_SEQ"  MINVALUE 1 MAXVALUE 9999999999999999999999999999 INCREMENT BY 1 START WITH 21 CACHE 20 NOORDER  NOCYCLE   ;
--------------------------------------------------------
--  DDL for Sequence MUNKALTATO_CEG_SEQ1
--------------------------------------------------------

   CREATE SEQUENCE  "MUNKALTATO_CEG_SEQ1"  MINVALUE 1 MAXVALUE 9999999999999999999999999999 INCREMENT BY 1 START WITH 41 CACHE 20 NOORDER  NOCYCLE   ;
--------------------------------------------------------
--  DDL for Sequence MUNKALTATO_CEG_SEQ2
--------------------------------------------------------

   CREATE SEQUENCE  "MUNKALTATO_CEG_SEQ2"  MINVALUE 1 MAXVALUE 9999999999999999999999999999 INCREMENT BY 1 START WITH 41 CACHE 20 NOORDER  NOCYCLE   ;
--------------------------------------------------------
--  DDL for Sequence MUNKALTATO_CEG_SEQ3
--------------------------------------------------------

   CREATE SEQUENCE  "MUNKALTATO_CEG_SEQ3"  MINVALUE 1 MAXVALUE 9999999999999999999999999999 INCREMENT BY 1 START WITH 1 CACHE 20 NOORDER  NOCYCLE   ;
--------------------------------------------------------
--  DDL for Sequence MUNKAVALLALO_KATEGORIAK_SEQ
--------------------------------------------------------

   CREATE SEQUENCE  "MUNKAVALLALO_KATEGORIAK_SEQ"  MINVALUE 1 MAXVALUE 9999999999999999999999999999 INCREMENT BY 1 START WITH 21 CACHE 20 NOORDER  NOCYCLE   ;
--------------------------------------------------------
--  DDL for Sequence MUNKAVALLALO_KATEGORIAK_SEQ1
--------------------------------------------------------

   CREATE SEQUENCE  "MUNKAVALLALO_KATEGORIAK_SEQ1"  MINVALUE 1 MAXVALUE 9999999999999999999999999999 INCREMENT BY 1 START WITH 21 CACHE 20 NOORDER  NOCYCLE   ;
--------------------------------------------------------
--  DDL for Sequence MUNKAVALLALO_KATEGORIAK_SEQ2
--------------------------------------------------------

   CREATE SEQUENCE  "MUNKAVALLALO_KATEGORIAK_SEQ2"  MINVALUE 1 MAXVALUE 9999999999999999999999999999 INCREMENT BY 1 START WITH 21 CACHE 20 NOORDER  NOCYCLE   ;
--------------------------------------------------------
--  DDL for Sequence MUNKAVALLALO_KATEGORIAK_SEQ3
--------------------------------------------------------

   CREATE SEQUENCE  "MUNKAVALLALO_KATEGORIAK_SEQ3"  MINVALUE 1 MAXVALUE 9999999999999999999999999999 INCREMENT BY 1 START WITH 21 CACHE 20 NOORDER  NOCYCLE   ;
--------------------------------------------------------
--  DDL for Sequence MUNKAVALLALO_KATEGORIAK_SEQ4
--------------------------------------------------------

   CREATE SEQUENCE  "MUNKAVALLALO_KATEGORIAK_SEQ4"  MINVALUE 1 MAXVALUE 9999999999999999999999999999 INCREMENT BY 1 START WITH 1 CACHE 20 NOORDER  NOCYCLE   ;
--------------------------------------------------------
--  DDL for Sequence MUNKAVALLALO_SEQ
--------------------------------------------------------

   CREATE SEQUENCE  "MUNKAVALLALO_SEQ"  MINVALUE 1 MAXVALUE 9999999999999999999999999999 INCREMENT BY 1 START WITH 41 CACHE 20 NOORDER  NOCYCLE   ;
--------------------------------------------------------
--  DDL for Sequence MUNKAVALLALO_SEQ1
--------------------------------------------------------

   CREATE SEQUENCE  "MUNKAVALLALO_SEQ1"  MINVALUE 1 MAXVALUE 9999999999999999999999999999 INCREMENT BY 1 START WITH 21 CACHE 20 NOORDER  NOCYCLE   ;
--------------------------------------------------------
--  DDL for Sequence MUNKAVALLALO_SEQ2
--------------------------------------------------------

   CREATE SEQUENCE  "MUNKAVALLALO_SEQ2"  MINVALUE 1 MAXVALUE 9999999999999999999999999999 INCREMENT BY 1 START WITH 101 CACHE 20 NOORDER  NOCYCLE   ;
--------------------------------------------------------
--  DDL for Sequence MUNKAVALLALO_SEQ3
--------------------------------------------------------

   CREATE SEQUENCE  "MUNKAVALLALO_SEQ3"  MINVALUE 1 MAXVALUE 9999999999999999999999999999 INCREMENT BY 1 START WITH 41 CACHE 20 NOORDER  NOCYCLE   ;
--------------------------------------------------------
--  DDL for Sequence MUNKAVALLALO_SEQ4
--------------------------------------------------------

   CREATE SEQUENCE  "MUNKAVALLALO_SEQ4"  MINVALUE 1 MAXVALUE 9999999999999999999999999999 INCREMENT BY 1 START WITH 21 CACHE 20 NOORDER  NOCYCLE   ;
--------------------------------------------------------
--  DDL for Sequence ONELETRAJZ_SEQ
--------------------------------------------------------

   CREATE SEQUENCE  "ONELETRAJZ_SEQ"  MINVALUE 1 MAXVALUE 9999999999999999999999999999 INCREMENT BY 1 START WITH 1 CACHE 20 NOORDER  NOCYCLE   ;
--------------------------------------------------------
--  DDL for Sequence ONELETRAJZ_SEQ1
--------------------------------------------------------

   CREATE SEQUENCE  "ONELETRAJZ_SEQ1"  MINVALUE 1 MAXVALUE 9999999999999999999999999999 INCREMENT BY 1 START WITH 21 CACHE 20 NOORDER  NOCYCLE   ;
--------------------------------------------------------
--  DDL for Sequence SZAKMAI_TAPASZTALAT_SEQ
--------------------------------------------------------

   CREATE SEQUENCE  "SZAKMAI_TAPASZTALAT_SEQ"  MINVALUE 1 MAXVALUE 9999999999999999999999999999 INCREMENT BY 1 START WITH 21 CACHE 20 NOORDER  NOCYCLE   ;
--------------------------------------------------------
--  DDL for Sequence SZAKMAI_TAPASZTALAT_SEQ1
--------------------------------------------------------

   CREATE SEQUENCE  "SZAKMAI_TAPASZTALAT_SEQ1"  MINVALUE 1 MAXVALUE 9999999999999999999999999999 INCREMENT BY 1 START WITH 1 CACHE 20 NOORDER  NOCYCLE   ;
--------------------------------------------------------
--  DDL for Sequence TAPASZTALAT_SEQ
--------------------------------------------------------

   CREATE SEQUENCE  "TAPASZTALAT_SEQ"  MINVALUE 1 MAXVALUE 9999999999999999999999999999 INCREMENT BY 1 START WITH 1 CACHE 20 NOORDER  NOCYCLE   ;
--------------------------------------------------------
--  DDL for Table ALLAS_JELENTKEZES
--------------------------------------------------------

  CREATE TABLE "ALLAS_JELENTKEZES" 
   (	"ID" NUMBER(5,0), 
	"MV_ADOSZAM" NUMBER, 
	"MC_ADOSZAM" NUMBER
   ) SEGMENT CREATION IMMEDIATE 
  PCTFREE 10 PCTUSED 40 INITRANS 1 MAXTRANS 255 
 NOCOMPRESS LOGGING
  STORAGE(INITIAL 65536 NEXT 1048576 MINEXTENTS 1 MAXEXTENTS 2147483645
  PCTINCREASE 0 FREELISTS 1 FREELIST GROUPS 1
  BUFFER_POOL DEFAULT FLASH_CACHE DEFAULT CELL_FLASH_CACHE DEFAULT)
  TABLESPACE "USERS" ;
--------------------------------------------------------
--  DDL for Table ALLAS_LEHETOSEG
--------------------------------------------------------

  CREATE TABLE "ALLAS_LEHETOSEG" 
   (	"ID" NUMBER(*,0), 
	"HELYSZIN" VARCHAR2(50 BYTE), 
	"MUSZAK" VARCHAR2(30 BYTE), 
	"LEIRAS" VARCHAR2(200 BYTE), 
	"TIPUS" VARCHAR2(30 BYTE), 
	"MC_ID" NUMBER, 
	"ALLAS_NEV" VARCHAR2(50 BYTE), 
	"KAT_ID" VARCHAR2(20 BYTE)
   ) SEGMENT CREATION IMMEDIATE 
  PCTFREE 10 PCTUSED 40 INITRANS 1 MAXTRANS 255 
 NOCOMPRESS LOGGING
  STORAGE(INITIAL 65536 NEXT 1048576 MINEXTENTS 1 MAXEXTENTS 2147483645
  PCTINCREASE 0 FREELISTS 1 FREELIST GROUPS 1
  BUFFER_POOL DEFAULT FLASH_CACHE DEFAULT CELL_FLASH_CACHE DEFAULT)
  TABLESPACE "USERS" ;
--------------------------------------------------------
--  DDL for Table ISKOLAI_VEGZETTSEGEK
--------------------------------------------------------

  CREATE TABLE "ISKOLAI_VEGZETTSEGEK" 
   (	"CV_ID" NUMBER(*,0), 
	"MEGNEVEZES" VARCHAR2(50 BYTE)
   ) SEGMENT CREATION IMMEDIATE 
  PCTFREE 10 PCTUSED 40 INITRANS 1 MAXTRANS 255 
 NOCOMPRESS LOGGING
  STORAGE(INITIAL 65536 NEXT 1048576 MINEXTENTS 1 MAXEXTENTS 2147483645
  PCTINCREASE 0 FREELISTS 1 FREELIST GROUPS 1
  BUFFER_POOL DEFAULT FLASH_CACHE DEFAULT CELL_FLASH_CACHE DEFAULT)
  TABLESPACE "USERS" ;
--------------------------------------------------------
--  DDL for Table KOZVETITESEK
--------------------------------------------------------

  CREATE TABLE "KOZVETITESEK" 
   (	"ADOSZAM" NUMBER, 
	"SZEMELY_SZAM" NUMBER, 
	"KOZ_KOD" NUMBER(*,0)
   ) SEGMENT CREATION IMMEDIATE 
  PCTFREE 10 PCTUSED 40 INITRANS 1 MAXTRANS 255 
 NOCOMPRESS LOGGING
  STORAGE(INITIAL 65536 NEXT 1048576 MINEXTENTS 1 MAXEXTENTS 2147483645
  PCTINCREASE 0 FREELISTS 1 FREELIST GROUPS 1
  BUFFER_POOL DEFAULT FLASH_CACHE DEFAULT CELL_FLASH_CACHE DEFAULT)
  TABLESPACE "USERS" ;
--------------------------------------------------------
--  DDL for Table KOZVETITO
--------------------------------------------------------

  CREATE TABLE "KOZVETITO" 
   (	"ADOSZAM" NUMBER, 
	"MEGNEVEZES" VARCHAR2(50 BYTE), 
	"HELYSZIN" VARCHAR2(50 BYTE), 
	"USERNAME" VARCHAR2(60 BYTE), 
	"KV_ADOSZAM" VARCHAR2(30 BYTE)
   ) SEGMENT CREATION IMMEDIATE 
  PCTFREE 10 PCTUSED 40 INITRANS 1 MAXTRANS 255 
 NOCOMPRESS LOGGING
  STORAGE(INITIAL 65536 NEXT 1048576 MINEXTENTS 1 MAXEXTENTS 2147483645
  PCTINCREASE 0 FREELISTS 1 FREELIST GROUPS 1
  BUFFER_POOL DEFAULT FLASH_CACHE DEFAULT CELL_FLASH_CACHE DEFAULT)
  TABLESPACE "USERS" ;
--------------------------------------------------------
--  DDL for Table MUNKALTATO_CEG
--------------------------------------------------------

  CREATE TABLE "MUNKALTATO_CEG" 
   (	"ADOSZAM" NUMBER, 
	"NEV" VARCHAR2(50 BYTE), 
	"TELEPHELY" VARCHAR2(50 BYTE), 
	"USERNAME" VARCHAR2(60 BYTE), 
	"KAT_ID" NUMBER, 
	"MC_ADOSZAM" VARCHAR2(20 BYTE)
   ) SEGMENT CREATION IMMEDIATE 
  PCTFREE 10 PCTUSED 40 INITRANS 1 MAXTRANS 255 
 NOCOMPRESS LOGGING
  STORAGE(INITIAL 65536 NEXT 1048576 MINEXTENTS 1 MAXEXTENTS 2147483645
  PCTINCREASE 0 FREELISTS 1 FREELIST GROUPS 1
  BUFFER_POOL DEFAULT FLASH_CACHE DEFAULT CELL_FLASH_CACHE DEFAULT)
  TABLESPACE "USERS" ;
--------------------------------------------------------
--  DDL for Table MUNKALTATO_CEG_KATEGORIAK
--------------------------------------------------------

  CREATE TABLE "MUNKALTATO_CEG_KATEGORIAK" 
   (	"ID" NUMBER(5,0), 
	"MEGNEVEZES" VARCHAR2(50 BYTE)
   ) SEGMENT CREATION IMMEDIATE 
  PCTFREE 10 PCTUSED 40 INITRANS 1 MAXTRANS 255 
 NOCOMPRESS LOGGING
  STORAGE(INITIAL 65536 NEXT 1048576 MINEXTENTS 1 MAXEXTENTS 2147483645
  PCTINCREASE 0 FREELISTS 1 FREELIST GROUPS 1
  BUFFER_POOL DEFAULT FLASH_CACHE DEFAULT CELL_FLASH_CACHE DEFAULT)
  TABLESPACE "USERS" ;
--------------------------------------------------------
--  DDL for Table MUNKAVALLALO
--------------------------------------------------------

  CREATE TABLE "MUNKAVALLALO" 
   (	"SZEMELY_SZAM" NUMBER, 
	"NEM" VARCHAR2(20 BYTE), 
	"SZUL_DATUM" DATE DEFAULT NULL, 
	"LAKCIM" VARCHAR2(50 BYTE) DEFAULT NULL, 
	"NEV" VARCHAR2(20 BYTE), 
	"USERNAME" VARCHAR2(30 BYTE), 
	"KAT_ID" NUMBER, 
	"IV_ID" NUMBER, 
	"SZT_ID" NUMBER
   ) SEGMENT CREATION IMMEDIATE 
  PCTFREE 10 PCTUSED 40 INITRANS 1 MAXTRANS 255 
 NOCOMPRESS LOGGING
  STORAGE(INITIAL 65536 NEXT 1048576 MINEXTENTS 1 MAXEXTENTS 2147483645
  PCTINCREASE 0 FREELISTS 1 FREELIST GROUPS 1
  BUFFER_POOL DEFAULT FLASH_CACHE DEFAULT CELL_FLASH_CACHE DEFAULT)
  TABLESPACE "USERS" ;
--------------------------------------------------------
--  DDL for Table MUNKAVALLALO_KATEGORIAK
--------------------------------------------------------

  CREATE TABLE "MUNKAVALLALO_KATEGORIAK" 
   (	"ID" NUMBER(*,0), 
	"MEGNEVEZES" VARCHAR2(50 BYTE)
   ) SEGMENT CREATION IMMEDIATE 
  PCTFREE 10 PCTUSED 40 INITRANS 1 MAXTRANS 255 
 NOCOMPRESS LOGGING
  STORAGE(INITIAL 65536 NEXT 1048576 MINEXTENTS 1 MAXEXTENTS 2147483645
  PCTINCREASE 0 FREELISTS 1 FREELIST GROUPS 1
  BUFFER_POOL DEFAULT FLASH_CACHE DEFAULT CELL_FLASH_CACHE DEFAULT)
  TABLESPACE "USERS" ;
--------------------------------------------------------
--  DDL for Table ONELETRAJZ
--------------------------------------------------------

  CREATE TABLE "ONELETRAJZ" 
   (	"ID" NUMBER(*,0), 
	"REFERENCIA" VARCHAR2(300 BYTE), 
	"MV_ID" NUMBER
   ) SEGMENT CREATION IMMEDIATE 
  PCTFREE 10 PCTUSED 40 INITRANS 1 MAXTRANS 255 
 NOCOMPRESS LOGGING
  STORAGE(INITIAL 65536 NEXT 1048576 MINEXTENTS 1 MAXEXTENTS 2147483645
  PCTINCREASE 0 FREELISTS 1 FREELIST GROUPS 1
  BUFFER_POOL DEFAULT FLASH_CACHE DEFAULT CELL_FLASH_CACHE DEFAULT)
  TABLESPACE "USERS" ;
--------------------------------------------------------
--  DDL for Table REGISTER
--------------------------------------------------------

  CREATE TABLE "REGISTER" 
   (	"USERNAME" VARCHAR2(60 BYTE), 
	"REG_DATE" DATE, 
	"MV_ID" NUMBER, 
	"MC_ID" NUMBER, 
	"KV_ID" NUMBER
   ) SEGMENT CREATION IMMEDIATE 
  PCTFREE 10 PCTUSED 40 INITRANS 1 MAXTRANS 255 
 NOCOMPRESS LOGGING
  STORAGE(INITIAL 65536 NEXT 1048576 MINEXTENTS 1 MAXEXTENTS 2147483645
  PCTINCREASE 0 FREELISTS 1 FREELIST GROUPS 1
  BUFFER_POOL DEFAULT FLASH_CACHE DEFAULT CELL_FLASH_CACHE DEFAULT)
  TABLESPACE "USERS" ;
--------------------------------------------------------
--  DDL for Table SZAKMAI_TAPASZTALAT
--------------------------------------------------------

  CREATE TABLE "SZAKMAI_TAPASZTALAT" 
   (	"CV_ID" NUMBER(*,0), 
	"MEGNEVEZES" VARCHAR2(50 BYTE)
   ) SEGMENT CREATION IMMEDIATE 
  PCTFREE 10 PCTUSED 40 INITRANS 1 MAXTRANS 255 
 NOCOMPRESS LOGGING
  STORAGE(INITIAL 65536 NEXT 1048576 MINEXTENTS 1 MAXEXTENTS 2147483645
  PCTINCREASE 0 FREELISTS 1 FREELIST GROUPS 1
  BUFFER_POOL DEFAULT FLASH_CACHE DEFAULT CELL_FLASH_CACHE DEFAULT)
  TABLESPACE "USERS" ;
REM INSERTING into ALLAS_JELENTKEZES
SET DEFINE OFF;
Insert into ALLAS_JELENTKEZES (ID,MV_ADOSZAM,MC_ADOSZAM) values ('82','3','1');
Insert into ALLAS_JELENTKEZES (ID,MV_ADOSZAM,MC_ADOSZAM) values ('41','1','2');
Insert into ALLAS_JELENTKEZES (ID,MV_ADOSZAM,MC_ADOSZAM) values ('47','21','1');
Insert into ALLAS_JELENTKEZES (ID,MV_ADOSZAM,MC_ADOSZAM) values ('48','21','2');
REM INSERTING into ALLAS_LEHETOSEG
SET DEFINE OFF;
Insert into ALLAS_LEHETOSEG (ID,HELYSZIN,MUSZAK,LEIRAS,TIPUS,MC_ID,ALLAS_NEV,KAT_ID) values ('1','1103 Budapest, Gyömrői út','08:00 - 16:00','Különböző elveken működő mérőgépek programozása','Gépészmérnök','1',null,null);
Insert into ALLAS_LEHETOSEG (ID,HELYSZIN,MUSZAK,LEIRAS,TIPUS,MC_ID,ALLAS_NEV,KAT_ID) values ('2','6772 Szeged, Bajai út','04:00 - 12:00','Különböző elveken működő mérőgépek programozása','Mérnökinformatikus','2',null,null);
REM INSERTING into ISKOLAI_VEGZETTSEGEK
SET DEFINE OFF;
Insert into ISKOLAI_VEGZETTSEGEK (CV_ID,MEGNEVEZES) values ('1','8 általános');
Insert into ISKOLAI_VEGZETTSEGEK (CV_ID,MEGNEVEZES) values ('2','középiskola');
Insert into ISKOLAI_VEGZETTSEGEK (CV_ID,MEGNEVEZES) values ('3','egyetem');
Insert into ISKOLAI_VEGZETTSEGEK (CV_ID,MEGNEVEZES) values ('4','PhD');
REM INSERTING into KOZVETITESEK
SET DEFINE OFF;
REM INSERTING into KOZVETITO
SET DEFINE OFF;
Insert into KOZVETITO (ADOSZAM,MEGNEVEZES,HELYSZIN,USERNAME,KV_ADOSZAM) values ('4',null,null,'szabarnaKV',null);
Insert into KOZVETITO (ADOSZAM,MEGNEVEZES,HELYSZIN,USERNAME,KV_ADOSZAM) values ('3',null,null,'kozvetito',null);
REM INSERTING into MUNKALTATO_CEG
SET DEFINE OFF;
Insert into MUNKALTATO_CEG (ADOSZAM,NEV,TELEPHELY,USERNAME,KAT_ID,MC_ADOSZAM) values ('3',null,null,'mc',null,null);
Insert into MUNKALTATO_CEG (ADOSZAM,NEV,TELEPHELY,USERNAME,KAT_ID,MC_ADOSZAM) values ('22',null,null,'asdasd',null,null);
Insert into MUNKALTATO_CEG (ADOSZAM,NEV,TELEPHELY,USERNAME,KAT_ID,MC_ADOSZAM) values ('1','Szabó Barnabás','6500 Baja','mctest','1',null);
Insert into MUNKALTATO_CEG (ADOSZAM,NEV,TELEPHELY,USERNAME,KAT_ID,MC_ADOSZAM) values ('2','Barnabás Szabó','Szeged','mctest2','2',null);
Insert into MUNKALTATO_CEG (ADOSZAM,NEV,TELEPHELY,USERNAME,KAT_ID,MC_ADOSZAM) values ('6',null,null,'test',null,null);
Insert into MUNKALTATO_CEG (ADOSZAM,NEV,TELEPHELY,USERNAME,KAT_ID,MC_ADOSZAM) values ('5',null,null,'munkaltato',null,null);
Insert into MUNKALTATO_CEG (ADOSZAM,NEV,TELEPHELY,USERNAME,KAT_ID,MC_ADOSZAM) values ('21',null,null,'test12',null,null);
REM INSERTING into MUNKALTATO_CEG_KATEGORIAK
SET DEFINE OFF;
Insert into MUNKALTATO_CEG_KATEGORIAK (ID,MEGNEVEZES) values ('1','IT');
Insert into MUNKALTATO_CEG_KATEGORIAK (ID,MEGNEVEZES) values ('2','FINANCE');
REM INSERTING into MUNKAVALLALO
SET DEFINE OFF;
Insert into MUNKAVALLALO (SZEMELY_SZAM,NEM,SZUL_DATUM,LAKCIM,NEV,USERNAME,KAT_ID,IV_ID,SZT_ID) values ('2','férfi',to_date('91-JAN.  -01','RR-MON-DD'),'6500 Baja','Szabó Barnabás','ujRegMv','2','4','3');
Insert into MUNKAVALLALO (SZEMELY_SZAM,NEM,SZUL_DATUM,LAKCIM,NEV,USERNAME,KAT_ID,IV_ID,SZT_ID) values ('21','férfi',to_date('00-JAN.  -01','RR-MON-DD'),'6500 Baja','Szabó Barnabás','szabarna2','1','1','1');
Insert into MUNKAVALLALO (SZEMELY_SZAM,NEM,SZUL_DATUM,LAKCIM,NEV,USERNAME,KAT_ID,IV_ID,SZT_ID) values ('22','férfi',to_date('70-JAN.  -12','RR-MON-DD'),'6500 Baja','Szabó Barnabás','szabarna4','1',null,null);
Insert into MUNKAVALLALO (SZEMELY_SZAM,NEM,SZUL_DATUM,LAKCIM,NEV,USERNAME,KAT_ID,IV_ID,SZT_ID) values ('23','férfi',to_date('70-JAN.  -21','RR-MON-DD'),'6500 Baja','Szabó Barnabás','szabarna5','2',null,null);
Insert into MUNKAVALLALO (SZEMELY_SZAM,NEM,SZUL_DATUM,LAKCIM,NEV,USERNAME,KAT_ID,IV_ID,SZT_ID) values ('1','férfi',to_date('45-JAN.  -01','RR-MON-DD'),'6500 Baja','The literal best','szabarna10','1','4','3');
Insert into MUNKAVALLALO (SZEMELY_SZAM,NEM,SZUL_DATUM,LAKCIM,NEV,USERNAME,KAT_ID,IV_ID,SZT_ID) values ('3','férfi',to_date('00-JÚL.  -22','RR-MON-DD'),'6500 Baja','Szabó Barnabás','szabarna','2','4','3');
REM INSERTING into MUNKAVALLALO_KATEGORIAK
SET DEFINE OFF;
Insert into MUNKAVALLALO_KATEGORIAK (ID,MEGNEVEZES) values ('1','IT');
Insert into MUNKAVALLALO_KATEGORIAK (ID,MEGNEVEZES) values ('2','FINANCE');
REM INSERTING into ONELETRAJZ
SET DEFINE OFF;
Insert into ONELETRAJZ (ID,REFERENCIA,MV_ID) values ('6','The best MV yet','2');
Insert into ONELETRAJZ (ID,REFERENCIA,MV_ID) values ('1','Im a great worker! IM NOT LYING!','21');
Insert into ONELETRAJZ (ID,REFERENCIA,MV_ID) values ('2',null,'22');
Insert into ONELETRAJZ (ID,REFERENCIA,MV_ID) values ('3',null,'23');
Insert into ONELETRAJZ (ID,REFERENCIA,MV_ID) values ('4','Sok helyen dolgoztam már és nagyon szorgos vagyok!','3');
Insert into ONELETRAJZ (ID,REFERENCIA,MV_ID) values ('5','I HAVE BEEN WORKING SINCE FOREVER I AM YOUR MAN!','1');
REM INSERTING into REGISTER
SET DEFINE OFF;
Insert into REGISTER (USERNAME,REG_DATE,MV_ID,MC_ID,KV_ID) values ('mc',to_date('22-ÁPR.  -27','RR-MON-DD'),null,'3',null);
Insert into REGISTER (USERNAME,REG_DATE,MV_ID,MC_ID,KV_ID) values ('ujRegMv',to_date('22-ÁPR.  -27','RR-MON-DD'),'2',null,null);
Insert into REGISTER (USERNAME,REG_DATE,MV_ID,MC_ID,KV_ID) values ('asdasd',to_date('22-ÁPR.  -27','RR-MON-DD'),null,'22',null);
Insert into REGISTER (USERNAME,REG_DATE,MV_ID,MC_ID,KV_ID) values ('szabarna2',to_date('22-ÁPR.  -27','RR-MON-DD'),'21',null,null);
Insert into REGISTER (USERNAME,REG_DATE,MV_ID,MC_ID,KV_ID) values ('szabarna5',to_date('22-ÁPR.  -27','RR-MON-DD'),'23',null,null);
Insert into REGISTER (USERNAME,REG_DATE,MV_ID,MC_ID,KV_ID) values ('szabarna10',to_date('22-ÁPR.  -27','RR-MON-DD'),'1',null,null);
Insert into REGISTER (USERNAME,REG_DATE,MV_ID,MC_ID,KV_ID) values ('szabarna4',to_date('22-ÁPR.  -27','RR-MON-DD'),'22',null,null);
Insert into REGISTER (USERNAME,REG_DATE,MV_ID,MC_ID,KV_ID) values ('test12',to_date('22-ÁPR.  -27','RR-MON-DD'),null,'21',null);
Insert into REGISTER (USERNAME,REG_DATE,MV_ID,MC_ID,KV_ID) values ('szabarna',to_date('22-ÁPR.  -27','RR-MON-DD'),'3',null,null);
REM INSERTING into SZAKMAI_TAPASZTALAT
SET DEFINE OFF;
Insert into SZAKMAI_TAPASZTALAT (CV_ID,MEGNEVEZES) values ('1','tanuló');
Insert into SZAKMAI_TAPASZTALAT (CV_ID,MEGNEVEZES) values ('2','junior');
Insert into SZAKMAI_TAPASZTALAT (CV_ID,MEGNEVEZES) values ('3','senior');
--------------------------------------------------------
--  DDL for Index REGISTER_PK
--------------------------------------------------------

  CREATE UNIQUE INDEX "REGISTER_PK" ON "REGISTER" ("USERNAME") 
  PCTFREE 10 INITRANS 2 MAXTRANS 255 COMPUTE STATISTICS 
  STORAGE(INITIAL 65536 NEXT 1048576 MINEXTENTS 1 MAXEXTENTS 2147483645
  PCTINCREASE 0 FREELISTS 1 FREELIST GROUPS 1
  BUFFER_POOL DEFAULT FLASH_CACHE DEFAULT CELL_FLASH_CACHE DEFAULT)
  TABLESPACE "USERS" ;
--------------------------------------------------------
--  DDL for Index SYS_C0010080
--------------------------------------------------------

  CREATE UNIQUE INDEX "SYS_C0010080" ON "KOZVETITO" ("ADOSZAM") 
  PCTFREE 10 INITRANS 2 MAXTRANS 255 COMPUTE STATISTICS 
  STORAGE(INITIAL 65536 NEXT 1048576 MINEXTENTS 1 MAXEXTENTS 2147483645
  PCTINCREASE 0 FREELISTS 1 FREELIST GROUPS 1
  BUFFER_POOL DEFAULT FLASH_CACHE DEFAULT CELL_FLASH_CACHE DEFAULT)
  TABLESPACE "USERS" ;
--------------------------------------------------------
--  DDL for Index SYS_C0010072
--------------------------------------------------------

  CREATE UNIQUE INDEX "SYS_C0010072" ON "ISKOLAI_VEGZETTSEGEK" ("CV_ID") 
  PCTFREE 10 INITRANS 2 MAXTRANS 255 COMPUTE STATISTICS 
  STORAGE(INITIAL 65536 NEXT 1048576 MINEXTENTS 1 MAXEXTENTS 2147483645
  PCTINCREASE 0 FREELISTS 1 FREELIST GROUPS 1
  BUFFER_POOL DEFAULT FLASH_CACHE DEFAULT CELL_FLASH_CACHE DEFAULT)
  TABLESPACE "USERS" ;
--------------------------------------------------------
--  DDL for Index SYS_C0010092
--------------------------------------------------------

  CREATE UNIQUE INDEX "SYS_C0010092" ON "MUNKAVALLALO" ("SZEMELY_SZAM") 
  PCTFREE 10 INITRANS 2 MAXTRANS 255 COMPUTE STATISTICS 
  STORAGE(INITIAL 65536 NEXT 1048576 MINEXTENTS 1 MAXEXTENTS 2147483645
  PCTINCREASE 0 FREELISTS 1 FREELIST GROUPS 1
  BUFFER_POOL DEFAULT FLASH_CACHE DEFAULT CELL_FLASH_CACHE DEFAULT)
  TABLESPACE "USERS" ;
--------------------------------------------------------
--  DDL for Index SYS_C0010103
--------------------------------------------------------

  CREATE UNIQUE INDEX "SYS_C0010103" ON "ONELETRAJZ" ("ID") 
  PCTFREE 10 INITRANS 2 MAXTRANS 255 COMPUTE STATISTICS 
  STORAGE(INITIAL 65536 NEXT 1048576 MINEXTENTS 1 MAXEXTENTS 2147483645
  PCTINCREASE 0 FREELISTS 1 FREELIST GROUPS 1
  BUFFER_POOL DEFAULT FLASH_CACHE DEFAULT CELL_FLASH_CACHE DEFAULT)
  TABLESPACE "USERS" ;
--------------------------------------------------------
--  DDL for Index SYS_C0010088
--------------------------------------------------------

  CREATE UNIQUE INDEX "SYS_C0010088" ON "MUNKALTATO_CEG_KATEGORIAK" ("ID") 
  PCTFREE 10 INITRANS 2 MAXTRANS 255 COMPUTE STATISTICS 
  STORAGE(INITIAL 65536 NEXT 1048576 MINEXTENTS 1 MAXEXTENTS 2147483645
  PCTINCREASE 0 FREELISTS 1 FREELIST GROUPS 1
  BUFFER_POOL DEFAULT FLASH_CACHE DEFAULT CELL_FLASH_CACHE DEFAULT)
  TABLESPACE "USERS" ;
--------------------------------------------------------
--  DDL for Index SYS_C0010076
--------------------------------------------------------

  CREATE UNIQUE INDEX "SYS_C0010076" ON "KOZVETITESEK" ("ADOSZAM") 
  PCTFREE 10 INITRANS 2 MAXTRANS 255 COMPUTE STATISTICS 
  STORAGE(INITIAL 65536 NEXT 1048576 MINEXTENTS 1 MAXEXTENTS 2147483645
  PCTINCREASE 0 FREELISTS 1 FREELIST GROUPS 1
  BUFFER_POOL DEFAULT FLASH_CACHE DEFAULT CELL_FLASH_CACHE DEFAULT)
  TABLESPACE "USERS" ;
--------------------------------------------------------
--  DDL for Index ALLAS_LEHETOSEG_PK
--------------------------------------------------------

  CREATE UNIQUE INDEX "ALLAS_LEHETOSEG_PK" ON "ALLAS_LEHETOSEG" ("ID") 
  PCTFREE 10 INITRANS 2 MAXTRANS 255 COMPUTE STATISTICS 
  STORAGE(INITIAL 65536 NEXT 1048576 MINEXTENTS 1 MAXEXTENTS 2147483645
  PCTINCREASE 0 FREELISTS 1 FREELIST GROUPS 1
  BUFFER_POOL DEFAULT FLASH_CACHE DEFAULT CELL_FLASH_CACHE DEFAULT)
  TABLESPACE "USERS" ;
--------------------------------------------------------
--  DDL for Index SYS_C0010084
--------------------------------------------------------

  CREATE UNIQUE INDEX "SYS_C0010084" ON "MUNKALTATO_CEG" ("ADOSZAM") 
  PCTFREE 10 INITRANS 2 MAXTRANS 255 COMPUTE STATISTICS 
  STORAGE(INITIAL 65536 NEXT 1048576 MINEXTENTS 1 MAXEXTENTS 2147483645
  PCTINCREASE 0 FREELISTS 1 FREELIST GROUPS 1
  BUFFER_POOL DEFAULT FLASH_CACHE DEFAULT CELL_FLASH_CACHE DEFAULT)
  TABLESPACE "USERS" ;
--------------------------------------------------------
--  DDL for Index SYS_C0010095
--------------------------------------------------------

  CREATE UNIQUE INDEX "SYS_C0010095" ON "MUNKAVALLALO_KATEGORIAK" ("ID") 
  PCTFREE 10 INITRANS 2 MAXTRANS 255 COMPUTE STATISTICS 
  STORAGE(INITIAL 65536 NEXT 1048576 MINEXTENTS 1 MAXEXTENTS 2147483645
  PCTINCREASE 0 FREELISTS 1 FREELIST GROUPS 1
  BUFFER_POOL DEFAULT FLASH_CACHE DEFAULT CELL_FLASH_CACHE DEFAULT)
  TABLESPACE "USERS" ;
--------------------------------------------------------
--  DDL for Index SYS_C0010069
--------------------------------------------------------

  CREATE UNIQUE INDEX "SYS_C0010069" ON "ALLAS_JELENTKEZES" ("ID") 
  PCTFREE 10 INITRANS 2 MAXTRANS 255 COMPUTE STATISTICS 
  STORAGE(INITIAL 65536 NEXT 1048576 MINEXTENTS 1 MAXEXTENTS 2147483645
  PCTINCREASE 0 FREELISTS 1 FREELIST GROUPS 1
  BUFFER_POOL DEFAULT FLASH_CACHE DEFAULT CELL_FLASH_CACHE DEFAULT)
  TABLESPACE "USERS" ;
--------------------------------------------------------
--  DDL for Index SYS_C0010106
--------------------------------------------------------

  CREATE UNIQUE INDEX "SYS_C0010106" ON "SZAKMAI_TAPASZTALAT" ("CV_ID") 
  PCTFREE 10 INITRANS 2 MAXTRANS 255 COMPUTE STATISTICS 
  STORAGE(INITIAL 65536 NEXT 1048576 MINEXTENTS 1 MAXEXTENTS 2147483645
  PCTINCREASE 0 FREELISTS 1 FREELIST GROUPS 1
  BUFFER_POOL DEFAULT FLASH_CACHE DEFAULT CELL_FLASH_CACHE DEFAULT)
  TABLESPACE "USERS" ;
--------------------------------------------------------
--  DDL for Trigger ALLAS_ADATOK_TRG
--------------------------------------------------------

  CREATE OR REPLACE EDITIONABLE TRIGGER "ALLAS_ADATOK_TRG" 
BEFORE INSERT ON "ALLAS_LEHETOSEG" 
FOR EACH ROW 
BEGIN
  <<COLUMN_SEQUENCES>>
  BEGIN
    NULL;
  END COLUMN_SEQUENCES;
END;
/
ALTER TRIGGER "ALLAS_ADATOK_TRG" ENABLE;
--------------------------------------------------------
--  DDL for Trigger ALLAS_JELENTKEZES_TRG
--------------------------------------------------------

  CREATE OR REPLACE EDITIONABLE TRIGGER "ALLAS_JELENTKEZES_TRG" 
BEFORE INSERT ON ALLAS_JELENTKEZES 
FOR EACH ROW 
BEGIN
  <<COLUMN_SEQUENCES>>
  BEGIN
    NULL;
  END COLUMN_SEQUENCES;
END;
/
ALTER TRIGGER "ALLAS_JELENTKEZES_TRG" ENABLE;
--------------------------------------------------------
--  DDL for Trigger ALLAS_JELENTKEZES_TRG1
--------------------------------------------------------

  CREATE OR REPLACE EDITIONABLE TRIGGER "ALLAS_JELENTKEZES_TRG1" 
BEFORE INSERT ON ALLAS_JELENTKEZES 
FOR EACH ROW 
BEGIN
  <<COLUMN_SEQUENCES>>
  BEGIN
    IF INSERTING AND :NEW.ID IS NULL THEN
      SELECT ALLAS_JELENTKEZES_SEQ1.NEXTVAL INTO :NEW.ID FROM SYS.DUAL;
    END IF;
  END COLUMN_SEQUENCES;
END;
/
ALTER TRIGGER "ALLAS_JELENTKEZES_TRG1" ENABLE;
--------------------------------------------------------
--  DDL for Trigger ALLAS_LEHETOSEG_TRG
--------------------------------------------------------

  CREATE OR REPLACE EDITIONABLE TRIGGER "ALLAS_LEHETOSEG_TRG" 
BEFORE INSERT ON "ALLAS_JELENTKEZES" 
FOR EACH ROW 
BEGIN
  <<COLUMN_SEQUENCES>>
  BEGIN
    NULL;
  END COLUMN_SEQUENCES;
END;


/
ALTER TRIGGER "ALLAS_LEHETOSEG_TRG" ENABLE;
--------------------------------------------------------
--  DDL for Trigger ALLAS_LEHETOSEG_TRG1
--------------------------------------------------------

  CREATE OR REPLACE EDITIONABLE TRIGGER "ALLAS_LEHETOSEG_TRG1" 
BEFORE INSERT ON ALLAS_LEHETOSEG 
FOR EACH ROW 
BEGIN
  <<COLUMN_SEQUENCES>>
  BEGIN
    IF INSERTING AND :NEW.ID IS NULL THEN
      SELECT ALLAS_LEHETOSEG_SEQ1.NEXTVAL INTO :NEW.ID FROM SYS.DUAL;
    END IF;
  END COLUMN_SEQUENCES;
END;
/
ALTER TRIGGER "ALLAS_LEHETOSEG_TRG1" ENABLE;
--------------------------------------------------------
--  DDL for Trigger BEFORE_REGISTER
--------------------------------------------------------

  CREATE OR REPLACE EDITIONABLE TRIGGER "BEFORE_REGISTER" 
BEFORE INSERT ON REGISTER
FOR EACH ROW
BEGIN
    IF (:NEW.mv_id = null and :NEW.mc_id = null and :NEW.kv_id = null) THEN
        RAISE_APPLICATION_ERROR(-20001, 'All 3 values are null');
    END IF;
END;
/
ALTER TRIGGER "BEFORE_REGISTER" ENABLE;
--------------------------------------------------------
--  DDL for Trigger ISKOLAI_VEGZETTSEGEK_TRG
--------------------------------------------------------

  CREATE OR REPLACE EDITIONABLE TRIGGER "ISKOLAI_VEGZETTSEGEK_TRG" 
BEFORE INSERT ON ISKOLAI_VEGZETTSEGEK 
FOR EACH ROW 
BEGIN
  <<COLUMN_SEQUENCES>>
  BEGIN
    IF INSERTING AND :NEW.CV_ID IS NULL THEN
      SELECT ISKOLAI_VEGZETTSEGEK_SEQ.NEXTVAL INTO :NEW.CV_ID FROM SYS.DUAL;
    END IF;
  END COLUMN_SEQUENCES;
END;


/
ALTER TRIGGER "ISKOLAI_VEGZETTSEGEK_TRG" ENABLE;
--------------------------------------------------------
--  DDL for Trigger KOZVETITESEK_TRG
--------------------------------------------------------

  CREATE OR REPLACE EDITIONABLE TRIGGER "KOZVETITESEK_TRG" 
BEFORE INSERT ON KOZVETITESEK 
FOR EACH ROW 
BEGIN
  <<COLUMN_SEQUENCES>>
  BEGIN
    NULL;
  END COLUMN_SEQUENCES;
END;
/
ALTER TRIGGER "KOZVETITESEK_TRG" ENABLE;
--------------------------------------------------------
--  DDL for Trigger KOZVETITESEK_TRG1
--------------------------------------------------------

  CREATE OR REPLACE EDITIONABLE TRIGGER "KOZVETITESEK_TRG1" 
BEFORE INSERT ON KOZVETITESEK 
FOR EACH ROW 
BEGIN
  <<COLUMN_SEQUENCES>>
  BEGIN
    IF INSERTING AND :NEW.ADOSZAM IS NULL THEN
      SELECT KOZVETITESEK_SEQ1.NEXTVAL INTO :NEW.ADOSZAM FROM SYS.DUAL;
    END IF;
  END COLUMN_SEQUENCES;
END;
/
ALTER TRIGGER "KOZVETITESEK_TRG1" ENABLE;
--------------------------------------------------------
--  DDL for Trigger KOZVETITO_TRG
--------------------------------------------------------

  CREATE OR REPLACE EDITIONABLE TRIGGER "KOZVETITO_TRG" 
BEFORE INSERT ON KOZVETITO 
FOR EACH ROW 
BEGIN
  <<COLUMN_SEQUENCES>>
  BEGIN
    NULL;
  END COLUMN_SEQUENCES;
END;


/
ALTER TRIGGER "KOZVETITO_TRG" ENABLE;
--------------------------------------------------------
--  DDL for Trigger KOZVETITO_TRG1
--------------------------------------------------------

  CREATE OR REPLACE EDITIONABLE TRIGGER "KOZVETITO_TRG1" 
BEFORE INSERT ON KOZVETITO 
FOR EACH ROW 
BEGIN
  <<COLUMN_SEQUENCES>>
  BEGIN
    NULL;
  END COLUMN_SEQUENCES;
END;
/
ALTER TRIGGER "KOZVETITO_TRG1" ENABLE;
--------------------------------------------------------
--  DDL for Trigger KOZVETITO_TRG2
--------------------------------------------------------

  CREATE OR REPLACE EDITIONABLE TRIGGER "KOZVETITO_TRG2" 
BEFORE INSERT ON KOZVETITO 
FOR EACH ROW 
BEGIN
  <<COLUMN_SEQUENCES>>
  BEGIN
    IF INSERTING AND :NEW.ADOSZAM IS NULL THEN
      SELECT KOZVETITO_SEQ2.NEXTVAL INTO :NEW.ADOSZAM FROM SYS.DUAL;
    END IF;
  END COLUMN_SEQUENCES;
END;
/
ALTER TRIGGER "KOZVETITO_TRG2" ENABLE;
--------------------------------------------------------
--  DDL for Trigger MUNKALTATO_CEG_KATEGORIAK_TRG
--------------------------------------------------------

  CREATE OR REPLACE EDITIONABLE TRIGGER "MUNKALTATO_CEG_KATEGORIAK_TRG" 
BEFORE INSERT ON MUNKALTATO_CEG_KATEGORIAK 
FOR EACH ROW 
BEGIN
  <<COLUMN_SEQUENCES>>
  BEGIN
    IF INSERTING AND :NEW.ID IS NULL THEN
      SELECT MUNKALTATO_CEG_KATEGORIAK_SEQ.NEXTVAL INTO :NEW.ID FROM SYS.DUAL;
    END IF;
  END COLUMN_SEQUENCES;
END;
/
ALTER TRIGGER "MUNKALTATO_CEG_KATEGORIAK_TRG" ENABLE;
--------------------------------------------------------
--  DDL for Trigger MUNKALTATO_CEG_TRG
--------------------------------------------------------

  CREATE OR REPLACE EDITIONABLE TRIGGER "MUNKALTATO_CEG_TRG" 
BEFORE INSERT ON MUNKALTATO_CEG 
FOR EACH ROW 
BEGIN
  <<COLUMN_SEQUENCES>>
  BEGIN
    NULL;
  END COLUMN_SEQUENCES;
END;
/
ALTER TRIGGER "MUNKALTATO_CEG_TRG" ENABLE;
--------------------------------------------------------
--  DDL for Trigger MUNKALTATO_CEG_TRG1
--------------------------------------------------------

  CREATE OR REPLACE EDITIONABLE TRIGGER "MUNKALTATO_CEG_TRG1" 
BEFORE INSERT ON MUNKALTATO_CEG 
FOR EACH ROW 
BEGIN
  <<COLUMN_SEQUENCES>>
  BEGIN
    NULL;
  END COLUMN_SEQUENCES;
END;
/
ALTER TRIGGER "MUNKALTATO_CEG_TRG1" ENABLE;
--------------------------------------------------------
--  DDL for Trigger MUNKALTATO_CEG_TRG2
--------------------------------------------------------

  CREATE OR REPLACE EDITIONABLE TRIGGER "MUNKALTATO_CEG_TRG2" 
BEFORE INSERT ON MUNKALTATO_CEG 
FOR EACH ROW 
BEGIN
  <<COLUMN_SEQUENCES>>
  BEGIN
    NULL;
  END COLUMN_SEQUENCES;
END;
/
ALTER TRIGGER "MUNKALTATO_CEG_TRG2" ENABLE;
--------------------------------------------------------
--  DDL for Trigger MUNKALTATO_CEG_TRG3
--------------------------------------------------------

  CREATE OR REPLACE EDITIONABLE TRIGGER "MUNKALTATO_CEG_TRG3" 
BEFORE INSERT ON MUNKALTATO_CEG 
FOR EACH ROW 
BEGIN
  <<COLUMN_SEQUENCES>>
  BEGIN
    IF INSERTING AND :NEW.ADOSZAM IS NULL THEN
      SELECT MUNKALTATO_CEG_SEQ3.NEXTVAL INTO :NEW.ADOSZAM FROM SYS.DUAL;
    END IF;
  END COLUMN_SEQUENCES;
END;
/
ALTER TRIGGER "MUNKALTATO_CEG_TRG3" ENABLE;
--------------------------------------------------------
--  DDL for Trigger MUNKAVALLALO_KATEGORIAK_TRG
--------------------------------------------------------

  CREATE OR REPLACE EDITIONABLE TRIGGER "MUNKAVALLALO_KATEGORIAK_TRG" 
BEFORE INSERT ON MUNKAVALLALO_KATEGORIAK 
FOR EACH ROW 
BEGIN
  <<COLUMN_SEQUENCES>>
  BEGIN
    NULL;
  END COLUMN_SEQUENCES;
END;

/
ALTER TRIGGER "MUNKAVALLALO_KATEGORIAK_TRG" ENABLE;
--------------------------------------------------------
--  DDL for Trigger MUNKAVALLALO_KATEGORIAK_TRG1
--------------------------------------------------------

  CREATE OR REPLACE EDITIONABLE TRIGGER "MUNKAVALLALO_KATEGORIAK_TRG1" 
BEFORE INSERT ON MUNKAVALLALO_KATEGORIAK 
FOR EACH ROW 
BEGIN
  <<COLUMN_SEQUENCES>>
  BEGIN
    IF INSERTING AND :NEW.ID IS NULL THEN
      SELECT MUNKAVALLALO_KATEGORIAK_SEQ4.NEXTVAL INTO :NEW.ID FROM SYS.DUAL;
    END IF;
  END COLUMN_SEQUENCES;
END;
/
ALTER TRIGGER "MUNKAVALLALO_KATEGORIAK_TRG1" ENABLE;
--------------------------------------------------------
--  DDL for Trigger MUNKAVALLALO_TRG
--------------------------------------------------------

  CREATE OR REPLACE EDITIONABLE TRIGGER "MUNKAVALLALO_TRG" 
BEFORE INSERT ON MUNKAVALLALO 
FOR EACH ROW 
BEGIN
  <<COLUMN_SEQUENCES>>
  BEGIN
    NULL;
  END COLUMN_SEQUENCES;
END;
/
ALTER TRIGGER "MUNKAVALLALO_TRG" ENABLE;
--------------------------------------------------------
--  DDL for Trigger MUNKAVALLALO_TRG1
--------------------------------------------------------

  CREATE OR REPLACE EDITIONABLE TRIGGER "MUNKAVALLALO_TRG1" 
BEFORE INSERT ON MUNKAVALLALO 
FOR EACH ROW 
BEGIN
  <<COLUMN_SEQUENCES>>
  BEGIN
    IF INSERTING AND :NEW.SZEMELY_SZAM IS NULL THEN
      SELECT MUNKAVALLALO_SEQ4.NEXTVAL INTO :NEW.SZEMELY_SZAM FROM SYS.DUAL;
    END IF;
  END COLUMN_SEQUENCES;
END;
/
ALTER TRIGGER "MUNKAVALLALO_TRG1" ENABLE;
--------------------------------------------------------
--  DDL for Trigger ONELETRAJZ_TRG
--------------------------------------------------------

  CREATE OR REPLACE EDITIONABLE TRIGGER "ONELETRAJZ_TRG" 
BEFORE INSERT ON ONELETRAJZ 
FOR EACH ROW 
BEGIN
  <<COLUMN_SEQUENCES>>
  BEGIN
    NULL;
  END COLUMN_SEQUENCES;
END;
/
ALTER TRIGGER "ONELETRAJZ_TRG" ENABLE;
--------------------------------------------------------
--  DDL for Trigger ONELETRAJZ_TRG1
--------------------------------------------------------

  CREATE OR REPLACE EDITIONABLE TRIGGER "ONELETRAJZ_TRG1" 
BEFORE INSERT ON ONELETRAJZ 
FOR EACH ROW 
BEGIN
  <<COLUMN_SEQUENCES>>
  BEGIN
    IF INSERTING AND :NEW.ID IS NULL THEN
      SELECT ONELETRAJZ_SEQ1.NEXTVAL INTO :NEW.ID FROM SYS.DUAL;
    END IF;
  END COLUMN_SEQUENCES;
END;
/
ALTER TRIGGER "ONELETRAJZ_TRG1" ENABLE;
--------------------------------------------------------
--  DDL for Trigger ONKV_INSERT
--------------------------------------------------------

  CREATE OR REPLACE EDITIONABLE TRIGGER "ONKV_INSERT" 
after insert on kozvetito
for each row
begin
    update register set kv_id = :NEW.adoszam WHERE username = :NEW.username;
end;



/
ALTER TRIGGER "ONKV_INSERT" ENABLE;
--------------------------------------------------------
--  DDL for Trigger ONMC_INSERT
--------------------------------------------------------

  CREATE OR REPLACE EDITIONABLE TRIGGER "ONMC_INSERT" 
after insert on munkaltato_ceg
for each row
begin
    update register set mc_id = :NEW.adoszam WHERE username = :NEW.username;
end;



/
ALTER TRIGGER "ONMC_INSERT" ENABLE;
--------------------------------------------------------
--  DDL for Trigger ONMV_INSERT
--------------------------------------------------------

  CREATE OR REPLACE EDITIONABLE TRIGGER "ONMV_INSERT" 
after insert on munkavallalo
for each row
begin
    update register set mv_id = :NEW.szemely_szam WHERE username = :NEW.username;
    insert into oneletrajz (mv_id) values (:NEW.szemely_szam);
end;
/
ALTER TRIGGER "ONMV_INSERT" ENABLE;
--------------------------------------------------------
--  DDL for Trigger ONREGISTER
--------------------------------------------------------

  CREATE OR REPLACE EDITIONABLE TRIGGER "ONREGISTER" 
AFTER INSERT ON REGISTER
BEGIN
    UPDATE REGISTER SET reg_date = CURRENT_DATE;
END;
/
ALTER TRIGGER "ONREGISTER" ENABLE;
--------------------------------------------------------
--  DDL for Trigger SZAKMAI_TAPASZTALAT_TRG
--------------------------------------------------------

  CREATE OR REPLACE EDITIONABLE TRIGGER "SZAKMAI_TAPASZTALAT_TRG" 
BEFORE INSERT ON SZAKMAI_TAPASZTALAT 
FOR EACH ROW 
BEGIN
  <<COLUMN_SEQUENCES>>
  BEGIN
    NULL;
  END COLUMN_SEQUENCES;
END;
/
ALTER TRIGGER "SZAKMAI_TAPASZTALAT_TRG" ENABLE;
--------------------------------------------------------
--  DDL for Trigger SZAKMAI_TAPASZTALAT_TRG1
--------------------------------------------------------

  CREATE OR REPLACE EDITIONABLE TRIGGER "SZAKMAI_TAPASZTALAT_TRG1" 
BEFORE INSERT ON SZAKMAI_TAPASZTALAT 
FOR EACH ROW 
BEGIN
  <<COLUMN_SEQUENCES>>
  BEGIN
    IF INSERTING AND :NEW.CV_ID IS NULL THEN
      SELECT SZAKMAI_TAPASZTALAT_SEQ1.NEXTVAL INTO :NEW.CV_ID FROM SYS.DUAL;
    END IF;
  END COLUMN_SEQUENCES;
END;
/
ALTER TRIGGER "SZAKMAI_TAPASZTALAT_TRG1" ENABLE;
--------------------------------------------------------
--  Constraints for Table ALLAS_JELENTKEZES
--------------------------------------------------------

  ALTER TABLE "ALLAS_JELENTKEZES" MODIFY ("ID" NOT NULL ENABLE);
  ALTER TABLE "ALLAS_JELENTKEZES" MODIFY ("MV_ADOSZAM" NOT NULL ENABLE);
  ALTER TABLE "ALLAS_JELENTKEZES" MODIFY ("MC_ADOSZAM" NOT NULL ENABLE);
  ALTER TABLE "ALLAS_JELENTKEZES" ADD PRIMARY KEY ("ID")
  USING INDEX PCTFREE 10 INITRANS 2 MAXTRANS 255 COMPUTE STATISTICS 
  STORAGE(INITIAL 65536 NEXT 1048576 MINEXTENTS 1 MAXEXTENTS 2147483645
  PCTINCREASE 0 FREELISTS 1 FREELIST GROUPS 1
  BUFFER_POOL DEFAULT FLASH_CACHE DEFAULT CELL_FLASH_CACHE DEFAULT)
  TABLESPACE "USERS"  ENABLE;
--------------------------------------------------------
--  Constraints for Table SZAKMAI_TAPASZTALAT
--------------------------------------------------------

  ALTER TABLE "SZAKMAI_TAPASZTALAT" MODIFY ("CV_ID" NOT NULL ENABLE);
  ALTER TABLE "SZAKMAI_TAPASZTALAT" ADD PRIMARY KEY ("CV_ID")
  USING INDEX PCTFREE 10 INITRANS 2 MAXTRANS 255 COMPUTE STATISTICS 
  STORAGE(INITIAL 65536 NEXT 1048576 MINEXTENTS 1 MAXEXTENTS 2147483645
  PCTINCREASE 0 FREELISTS 1 FREELIST GROUPS 1
  BUFFER_POOL DEFAULT FLASH_CACHE DEFAULT CELL_FLASH_CACHE DEFAULT)
  TABLESPACE "USERS"  ENABLE;
--------------------------------------------------------
--  Constraints for Table KOZVETITO
--------------------------------------------------------

  ALTER TABLE "KOZVETITO" MODIFY ("ADOSZAM" NOT NULL ENABLE);
  ALTER TABLE "KOZVETITO" ADD PRIMARY KEY ("ADOSZAM")
  USING INDEX PCTFREE 10 INITRANS 2 MAXTRANS 255 COMPUTE STATISTICS 
  STORAGE(INITIAL 65536 NEXT 1048576 MINEXTENTS 1 MAXEXTENTS 2147483645
  PCTINCREASE 0 FREELISTS 1 FREELIST GROUPS 1
  BUFFER_POOL DEFAULT FLASH_CACHE DEFAULT CELL_FLASH_CACHE DEFAULT)
  TABLESPACE "USERS"  ENABLE;
--------------------------------------------------------
--  Constraints for Table MUNKAVALLALO_KATEGORIAK
--------------------------------------------------------

  ALTER TABLE "MUNKAVALLALO_KATEGORIAK" MODIFY ("ID" NOT NULL ENABLE);
  ALTER TABLE "MUNKAVALLALO_KATEGORIAK" ADD PRIMARY KEY ("ID")
  USING INDEX PCTFREE 10 INITRANS 2 MAXTRANS 255 COMPUTE STATISTICS 
  STORAGE(INITIAL 65536 NEXT 1048576 MINEXTENTS 1 MAXEXTENTS 2147483645
  PCTINCREASE 0 FREELISTS 1 FREELIST GROUPS 1
  BUFFER_POOL DEFAULT FLASH_CACHE DEFAULT CELL_FLASH_CACHE DEFAULT)
  TABLESPACE "USERS"  ENABLE;
--------------------------------------------------------
--  Constraints for Table ONELETRAJZ
--------------------------------------------------------

  ALTER TABLE "ONELETRAJZ" MODIFY ("MV_ID" NOT NULL ENABLE);
  ALTER TABLE "ONELETRAJZ" MODIFY ("ID" NOT NULL ENABLE);
  ALTER TABLE "ONELETRAJZ" ADD PRIMARY KEY ("ID")
  USING INDEX PCTFREE 10 INITRANS 2 MAXTRANS 255 COMPUTE STATISTICS 
  STORAGE(INITIAL 65536 NEXT 1048576 MINEXTENTS 1 MAXEXTENTS 2147483645
  PCTINCREASE 0 FREELISTS 1 FREELIST GROUPS 1
  BUFFER_POOL DEFAULT FLASH_CACHE DEFAULT CELL_FLASH_CACHE DEFAULT)
  TABLESPACE "USERS"  ENABLE;
--------------------------------------------------------
--  Constraints for Table ALLAS_LEHETOSEG
--------------------------------------------------------

  ALTER TABLE "ALLAS_LEHETOSEG" ADD CONSTRAINT "ALLAS_LEHETOSEG_PK" PRIMARY KEY ("ID")
  USING INDEX PCTFREE 10 INITRANS 2 MAXTRANS 255 COMPUTE STATISTICS 
  STORAGE(INITIAL 65536 NEXT 1048576 MINEXTENTS 1 MAXEXTENTS 2147483645
  PCTINCREASE 0 FREELISTS 1 FREELIST GROUPS 1
  BUFFER_POOL DEFAULT FLASH_CACHE DEFAULT CELL_FLASH_CACHE DEFAULT)
  TABLESPACE "USERS"  ENABLE;
  ALTER TABLE "ALLAS_LEHETOSEG" MODIFY ("MC_ID" NOT NULL ENABLE);
  ALTER TABLE "ALLAS_LEHETOSEG" MODIFY ("ID" NOT NULL ENABLE);
--------------------------------------------------------
--  Constraints for Table MUNKALTATO_CEG_KATEGORIAK
--------------------------------------------------------

  ALTER TABLE "MUNKALTATO_CEG_KATEGORIAK" MODIFY ("ID" NOT NULL ENABLE);
  ALTER TABLE "MUNKALTATO_CEG_KATEGORIAK" ADD PRIMARY KEY ("ID")
  USING INDEX PCTFREE 10 INITRANS 2 MAXTRANS 255 COMPUTE STATISTICS 
  STORAGE(INITIAL 65536 NEXT 1048576 MINEXTENTS 1 MAXEXTENTS 2147483645
  PCTINCREASE 0 FREELISTS 1 FREELIST GROUPS 1
  BUFFER_POOL DEFAULT FLASH_CACHE DEFAULT CELL_FLASH_CACHE DEFAULT)
  TABLESPACE "USERS"  ENABLE;
--------------------------------------------------------
--  Constraints for Table MUNKAVALLALO
--------------------------------------------------------

  ALTER TABLE "MUNKAVALLALO" MODIFY ("SZEMELY_SZAM" NOT NULL ENABLE);
  ALTER TABLE "MUNKAVALLALO" ADD PRIMARY KEY ("SZEMELY_SZAM")
  USING INDEX PCTFREE 10 INITRANS 2 MAXTRANS 255 COMPUTE STATISTICS 
  STORAGE(INITIAL 65536 NEXT 1048576 MINEXTENTS 1 MAXEXTENTS 2147483645
  PCTINCREASE 0 FREELISTS 1 FREELIST GROUPS 1
  BUFFER_POOL DEFAULT FLASH_CACHE DEFAULT CELL_FLASH_CACHE DEFAULT)
  TABLESPACE "USERS"  ENABLE;
--------------------------------------------------------
--  Constraints for Table MUNKALTATO_CEG
--------------------------------------------------------

  ALTER TABLE "MUNKALTATO_CEG" MODIFY ("ADOSZAM" NOT NULL ENABLE);
  ALTER TABLE "MUNKALTATO_CEG" ADD PRIMARY KEY ("ADOSZAM")
  USING INDEX PCTFREE 10 INITRANS 2 MAXTRANS 255 COMPUTE STATISTICS 
  STORAGE(INITIAL 65536 NEXT 1048576 MINEXTENTS 1 MAXEXTENTS 2147483645
  PCTINCREASE 0 FREELISTS 1 FREELIST GROUPS 1
  BUFFER_POOL DEFAULT FLASH_CACHE DEFAULT CELL_FLASH_CACHE DEFAULT)
  TABLESPACE "USERS"  ENABLE;
--------------------------------------------------------
--  Constraints for Table KOZVETITESEK
--------------------------------------------------------

  ALTER TABLE "KOZVETITESEK" MODIFY ("ADOSZAM" NOT NULL ENABLE);
  ALTER TABLE "KOZVETITESEK" MODIFY ("SZEMELY_SZAM" NOT NULL ENABLE);
  ALTER TABLE "KOZVETITESEK" MODIFY ("KOZ_KOD" NOT NULL ENABLE);
  ALTER TABLE "KOZVETITESEK" ADD PRIMARY KEY ("ADOSZAM")
  USING INDEX PCTFREE 10 INITRANS 2 MAXTRANS 255 COMPUTE STATISTICS 
  STORAGE(INITIAL 65536 NEXT 1048576 MINEXTENTS 1 MAXEXTENTS 2147483645
  PCTINCREASE 0 FREELISTS 1 FREELIST GROUPS 1
  BUFFER_POOL DEFAULT FLASH_CACHE DEFAULT CELL_FLASH_CACHE DEFAULT)
  TABLESPACE "USERS"  ENABLE;
--------------------------------------------------------
--  Constraints for Table REGISTER
--------------------------------------------------------

  ALTER TABLE "REGISTER" MODIFY ("USERNAME" NOT NULL ENABLE);
  ALTER TABLE "REGISTER" ADD CONSTRAINT "REGISTER_PK" PRIMARY KEY ("USERNAME")
  USING INDEX PCTFREE 10 INITRANS 2 MAXTRANS 255 COMPUTE STATISTICS 
  STORAGE(INITIAL 65536 NEXT 1048576 MINEXTENTS 1 MAXEXTENTS 2147483645
  PCTINCREASE 0 FREELISTS 1 FREELIST GROUPS 1
  BUFFER_POOL DEFAULT FLASH_CACHE DEFAULT CELL_FLASH_CACHE DEFAULT)
  TABLESPACE "USERS"  ENABLE;
--------------------------------------------------------
--  Constraints for Table ISKOLAI_VEGZETTSEGEK
--------------------------------------------------------

  ALTER TABLE "ISKOLAI_VEGZETTSEGEK" MODIFY ("CV_ID" NOT NULL ENABLE);
  ALTER TABLE "ISKOLAI_VEGZETTSEGEK" ADD PRIMARY KEY ("CV_ID")
  USING INDEX PCTFREE 10 INITRANS 2 MAXTRANS 255 COMPUTE STATISTICS 
  STORAGE(INITIAL 65536 NEXT 1048576 MINEXTENTS 1 MAXEXTENTS 2147483645
  PCTINCREASE 0 FREELISTS 1 FREELIST GROUPS 1
  BUFFER_POOL DEFAULT FLASH_CACHE DEFAULT CELL_FLASH_CACHE DEFAULT)
  TABLESPACE "USERS"  ENABLE;
--------------------------------------------------------
--  Ref Constraints for Table ALLAS_JELENTKEZES
--------------------------------------------------------

  ALTER TABLE "ALLAS_JELENTKEZES" ADD CONSTRAINT "ALLAS_JELENTKEZES_FK1" FOREIGN KEY ("MV_ADOSZAM")
	  REFERENCES "MUNKAVALLALO" ("SZEMELY_SZAM") ON DELETE CASCADE ENABLE;
  ALTER TABLE "ALLAS_JELENTKEZES" ADD CONSTRAINT "ALLAS_JELENTKEZES_FK2" FOREIGN KEY ("MC_ADOSZAM")
	  REFERENCES "MUNKALTATO_CEG" ("ADOSZAM") ON DELETE CASCADE ENABLE;
--------------------------------------------------------
--  Ref Constraints for Table ALLAS_LEHETOSEG
--------------------------------------------------------

  ALTER TABLE "ALLAS_LEHETOSEG" ADD CONSTRAINT "ALLAS_LEHETOSEG_FK1" FOREIGN KEY ("MC_ID")
	  REFERENCES "MUNKALTATO_CEG" ("ADOSZAM") ON DELETE CASCADE ENABLE;
--------------------------------------------------------
--  Ref Constraints for Table KOZVETITESEK
--------------------------------------------------------

  ALTER TABLE "KOZVETITESEK" ADD CONSTRAINT "KOZVETITESEK_FK1" FOREIGN KEY ("SZEMELY_SZAM")
	  REFERENCES "MUNKAVALLALO" ("SZEMELY_SZAM") ON DELETE CASCADE ENABLE;
  ALTER TABLE "KOZVETITESEK" ADD CONSTRAINT "KOZVETITESEK_FK2" FOREIGN KEY ("KOZ_KOD")
	  REFERENCES "KOZVETITO" ("ADOSZAM") ON DELETE CASCADE ENABLE;
--------------------------------------------------------
--  Ref Constraints for Table MUNKALTATO_CEG
--------------------------------------------------------

  ALTER TABLE "MUNKALTATO_CEG" ADD CONSTRAINT "MUNKALTATO_CEG_FK1" FOREIGN KEY ("KAT_ID")
	  REFERENCES "MUNKALTATO_CEG_KATEGORIAK" ("ID") ON DELETE CASCADE ENABLE;
--------------------------------------------------------
--  Ref Constraints for Table MUNKAVALLALO
--------------------------------------------------------

  ALTER TABLE "MUNKAVALLALO" ADD CONSTRAINT "MUNKAVALLALO_FK1" FOREIGN KEY ("KAT_ID")
	  REFERENCES "MUNKAVALLALO_KATEGORIAK" ("ID") ON DELETE CASCADE ENABLE;
  ALTER TABLE "MUNKAVALLALO" ADD CONSTRAINT "MUNKAVALLALO_FK2" FOREIGN KEY ("IV_ID")
	  REFERENCES "ISKOLAI_VEGZETTSEGEK" ("CV_ID") ON DELETE CASCADE ENABLE;
  ALTER TABLE "MUNKAVALLALO" ADD CONSTRAINT "MUNKAVALLALO_FK3" FOREIGN KEY ("SZT_ID")
	  REFERENCES "SZAKMAI_TAPASZTALAT" ("CV_ID") ON DELETE CASCADE ENABLE;
--------------------------------------------------------
--  Ref Constraints for Table ONELETRAJZ
--------------------------------------------------------

  ALTER TABLE "ONELETRAJZ" ADD CONSTRAINT "ONELETRAJZ_FK1" FOREIGN KEY ("MV_ID")
	  REFERENCES "MUNKAVALLALO" ("SZEMELY_SZAM") ON DELETE CASCADE ENABLE;
--------------------------------------------------------
--  Ref Constraints for Table REGISTER
--------------------------------------------------------

  ALTER TABLE "REGISTER" ADD CONSTRAINT "REGISTER_FK1" FOREIGN KEY ("MV_ID")
	  REFERENCES "MUNKAVALLALO" ("SZEMELY_SZAM") ON DELETE CASCADE ENABLE;
  ALTER TABLE "REGISTER" ADD CONSTRAINT "REGISTER_FK2" FOREIGN KEY ("MC_ID")
	  REFERENCES "MUNKALTATO_CEG" ("ADOSZAM") ON DELETE CASCADE ENABLE;
  ALTER TABLE "REGISTER" ADD CONSTRAINT "REGISTER_FK3" FOREIGN KEY ("KV_ID")
	  REFERENCES "KOZVETITO" ("ADOSZAM") ON DELETE CASCADE ENABLE;
