--------------------------------------------------------
--  File created - vasárnap-április-24-2022   
--------------------------------------------------------
--------------------------------------------------------
--  DDL for Sequence ALLAS_ADATOK_SEQ
--------------------------------------------------------

   CREATE SEQUENCE  "ALLAS_ADATOK_SEQ"  MINVALUE 1 MAXVALUE 9999999999999999999999999999 INCREMENT BY 1 START WITH 1 CACHE 20 NOORDER  NOCYCLE   ;
--------------------------------------------------------
--  DDL for Sequence ALLAS_LEHETOSEG_SEQ
--------------------------------------------------------

   CREATE SEQUENCE  "ALLAS_LEHETOSEG_SEQ"  MINVALUE 1 MAXVALUE 9999999999999999999999999999 INCREMENT BY 1 START WITH 1 CACHE 20 NOORDER  NOCYCLE   ;
--------------------------------------------------------
--  DDL for Sequence ISKOLAI_VEGZETTSEGEK_SEQ
--------------------------------------------------------

   CREATE SEQUENCE  "ISKOLAI_VEGZETTSEGEK_SEQ"  MINVALUE 1 MAXVALUE 9999999999999999999999999999 INCREMENT BY 1 START WITH 1 CACHE 20 NOORDER  NOCYCLE   ;
--------------------------------------------------------
--  DDL for Sequence KOZVETITESEK_SEQ
--------------------------------------------------------

   CREATE SEQUENCE  "KOZVETITESEK_SEQ"  MINVALUE 1 MAXVALUE 9999999999999999999999999999 INCREMENT BY 1 START WITH 1 CACHE 20 NOORDER  NOCYCLE   ;
--------------------------------------------------------
--  DDL for Sequence KOZVETITO_SEQ
--------------------------------------------------------

   CREATE SEQUENCE  "KOZVETITO_SEQ"  MINVALUE 1 MAXVALUE 9999999999999999999999999999 INCREMENT BY 1 START WITH 1 CACHE 20 NOORDER  NOCYCLE   ;
--------------------------------------------------------
--  DDL for Sequence KOZVETITO_SEQ1
--------------------------------------------------------

   CREATE SEQUENCE  "KOZVETITO_SEQ1"  MINVALUE 1 MAXVALUE 9999999999999999999999999999 INCREMENT BY 1 START WITH 21 CACHE 20 NOORDER  NOCYCLE   ;
--------------------------------------------------------
--  DDL for Sequence MUNKALTATO_CEG_KATEGORIAK_SEQ
--------------------------------------------------------

   CREATE SEQUENCE  "MUNKALTATO_CEG_KATEGORIAK_SEQ"  MINVALUE 1 MAXVALUE 9999999999999999999999999999 INCREMENT BY 1 START WITH 1 CACHE 20 NOORDER  NOCYCLE   ;
--------------------------------------------------------
--  DDL for Sequence MUNKALTATO_CEG_SEQ
--------------------------------------------------------

   CREATE SEQUENCE  "MUNKALTATO_CEG_SEQ"  MINVALUE 1 MAXVALUE 9999999999999999999999999999 INCREMENT BY 1 START WITH 1 CACHE 20 NOORDER  NOCYCLE   ;
--------------------------------------------------------
--  DDL for Sequence MUNKALTATO_CEG_SEQ1
--------------------------------------------------------

   CREATE SEQUENCE  "MUNKALTATO_CEG_SEQ1"  MINVALUE 1 MAXVALUE 9999999999999999999999999999 INCREMENT BY 1 START WITH 21 CACHE 20 NOORDER  NOCYCLE   ;
--------------------------------------------------------
--  DDL for Sequence MUNKAVALLALO_KATEGORIAK_SEQ
--------------------------------------------------------

   CREATE SEQUENCE  "MUNKAVALLALO_KATEGORIAK_SEQ"  MINVALUE 1 MAXVALUE 9999999999999999999999999999 INCREMENT BY 1 START WITH 1 CACHE 20 NOORDER  NOCYCLE   ;
--------------------------------------------------------
--  DDL for Sequence MUNKAVALLALO_SEQ
--------------------------------------------------------

   CREATE SEQUENCE  "MUNKAVALLALO_SEQ"  MINVALUE 1 MAXVALUE 9999999999999999999999999999 INCREMENT BY 1 START WITH 21 CACHE 20 NOORDER  NOCYCLE   ;
--------------------------------------------------------
--  DDL for Sequence MUNKAVALLALO_SEQ1
--------------------------------------------------------

   CREATE SEQUENCE  "MUNKAVALLALO_SEQ1"  MINVALUE 1 MAXVALUE 9999999999999999999999999999 INCREMENT BY 1 START WITH 21 CACHE 20 NOORDER  NOCYCLE   ;
--------------------------------------------------------
--  DDL for Sequence MUNKAVALLALO_SEQ2
--------------------------------------------------------

   CREATE SEQUENCE  "MUNKAVALLALO_SEQ2"  MINVALUE 1 MAXVALUE 9999999999999999999999999999 INCREMENT BY 1 START WITH 61 CACHE 20 NOORDER  NOCYCLE   ;
--------------------------------------------------------
--  DDL for Sequence ONELETRAJZ_SEQ
--------------------------------------------------------

   CREATE SEQUENCE  "ONELETRAJZ_SEQ"  MINVALUE 1 MAXVALUE 9999999999999999999999999999 INCREMENT BY 1 START WITH 1 CACHE 20 NOORDER  NOCYCLE   ;
--------------------------------------------------------
--  DDL for Sequence SZAKMAI_TAPASZTALAT_SEQ
--------------------------------------------------------

   CREATE SEQUENCE  "SZAKMAI_TAPASZTALAT_SEQ"  MINVALUE 1 MAXVALUE 9999999999999999999999999999 INCREMENT BY 1 START WITH 1 CACHE 20 NOORDER  NOCYCLE   ;
--------------------------------------------------------
--  DDL for Sequence TAPASZTALAT_SEQ
--------------------------------------------------------

   CREATE SEQUENCE  "TAPASZTALAT_SEQ"  MINVALUE 1 MAXVALUE 9999999999999999999999999999 INCREMENT BY 1 START WITH 1 CACHE 20 NOORDER  NOCYCLE   ;
--------------------------------------------------------
--  DDL for Table ALLAS_ADATOK
--------------------------------------------------------

  CREATE TABLE "ALLAS_ADATOK" 
   (	"ID" NUMBER(*,0), 
	"HELYSZIN" VARCHAR2(50 BYTE), 
	"MUSZAK" VARCHAR2(10 BYTE), 
	"LEIRAS" VARCHAR2(50 BYTE), 
	"TIPUS" VARCHAR2(20 BYTE)
   ) SEGMENT CREATION IMMEDIATE 
  PCTFREE 10 PCTUSED 40 INITRANS 1 MAXTRANS 255 
 NOCOMPRESS LOGGING
  STORAGE(INITIAL 65536 NEXT 1048576 MINEXTENTS 1 MAXEXTENTS 2147483645
  PCTINCREASE 0 FREELISTS 1 FREELIST GROUPS 1
  BUFFER_POOL DEFAULT FLASH_CACHE DEFAULT CELL_FLASH_CACHE DEFAULT)
  TABLESPACE "USERS" ;
--------------------------------------------------------
--  DDL for Table ALLAS_LEHETOSEG
--------------------------------------------------------

  CREATE TABLE "ALLAS_LEHETOSEG" 
   (	"ID" NUMBER(5,0), 
	"MV_ADOSZAM" NUMBER, 
	"MC_ADOSZAM" NUMBER
   ) SEGMENT CREATION IMMEDIATE 
  PCTFREE 10 PCTUSED 40 INITRANS 1 MAXTRANS 255 
 NOCOMPRESS LOGGING
  STORAGE(INITIAL 65536 NEXT 1048576 MINEXTENTS 1 MAXEXTENTS 2147483645
  PCTINCREASE 0 FREELISTS 1 FREELIST GROUPS 1
  BUFFER_POOL DEFAULT FLASH_CACHE DEFAULT CELL_FLASH_CACHE DEFAULT)
  TABLESPACE "USERS" ;
--------------------------------------------------------
--  DDL for Table ISKOLAI_VEGZETTSEGEK
--------------------------------------------------------

  CREATE TABLE "ISKOLAI_VEGZETTSEGEK" 
   (	"CV_ID" NUMBER(*,0), 
	"ISKOLAI_VEGZETTSEG" VARCHAR2(30 BYTE)
   ) SEGMENT CREATION IMMEDIATE 
  PCTFREE 10 PCTUSED 40 INITRANS 1 MAXTRANS 255 
 NOCOMPRESS LOGGING
  STORAGE(INITIAL 65536 NEXT 1048576 MINEXTENTS 1 MAXEXTENTS 2147483645
  PCTINCREASE 0 FREELISTS 1 FREELIST GROUPS 1
  BUFFER_POOL DEFAULT FLASH_CACHE DEFAULT CELL_FLASH_CACHE DEFAULT)
  TABLESPACE "USERS" ;
--------------------------------------------------------
--  DDL for Table KOZVETITESEK
--------------------------------------------------------

  CREATE TABLE "KOZVETITESEK" 
   (	"ADOSZAM" NUMBER, 
	"SZEMELY_SZAM" NUMBER, 
	"KOZ_KOD" NUMBER(*,0)
   ) SEGMENT CREATION IMMEDIATE 
  PCTFREE 10 PCTUSED 40 INITRANS 1 MAXTRANS 255 
 NOCOMPRESS LOGGING
  STORAGE(INITIAL 65536 NEXT 1048576 MINEXTENTS 1 MAXEXTENTS 2147483645
  PCTINCREASE 0 FREELISTS 1 FREELIST GROUPS 1
  BUFFER_POOL DEFAULT FLASH_CACHE DEFAULT CELL_FLASH_CACHE DEFAULT)
  TABLESPACE "USERS" ;
--------------------------------------------------------
--  DDL for Table KOZVETITO
--------------------------------------------------------

  CREATE TABLE "KOZVETITO" 
   (	"ADOSZAM" NUMBER, 
	"MEGNEVEZES" VARCHAR2(50 BYTE), 
	"HELYSZIN" VARCHAR2(50 BYTE), 
	"USERNAME" VARCHAR2(60 BYTE)
   ) SEGMENT CREATION IMMEDIATE 
  PCTFREE 10 PCTUSED 40 INITRANS 1 MAXTRANS 255 
 NOCOMPRESS LOGGING
  STORAGE(INITIAL 65536 NEXT 1048576 MINEXTENTS 1 MAXEXTENTS 2147483645
  PCTINCREASE 0 FREELISTS 1 FREELIST GROUPS 1
  BUFFER_POOL DEFAULT FLASH_CACHE DEFAULT CELL_FLASH_CACHE DEFAULT)
  TABLESPACE "USERS" ;
--------------------------------------------------------
--  DDL for Table MUNKALTATO_CEG
--------------------------------------------------------

  CREATE TABLE "MUNKALTATO_CEG" 
   (	"ADOSZAM" NUMBER, 
	"NEV" VARCHAR2(50 BYTE), 
	"TELEPHELY" VARCHAR2(50 BYTE), 
	"USERNAME" VARCHAR2(60 BYTE)
   ) SEGMENT CREATION IMMEDIATE 
  PCTFREE 10 PCTUSED 40 INITRANS 1 MAXTRANS 255 
 NOCOMPRESS LOGGING
  STORAGE(INITIAL 65536 NEXT 1048576 MINEXTENTS 1 MAXEXTENTS 2147483645
  PCTINCREASE 0 FREELISTS 1 FREELIST GROUPS 1
  BUFFER_POOL DEFAULT FLASH_CACHE DEFAULT CELL_FLASH_CACHE DEFAULT)
  TABLESPACE "USERS" ;
--------------------------------------------------------
--  DDL for Table MUNKALTATO_CEG_KATEGORIAK
--------------------------------------------------------

  CREATE TABLE "MUNKALTATO_CEG_KATEGORIAK" 
   (	"ID" NUMBER(5,0), 
	"ADOSZAM" NUMBER, 
	"MEGNEVEZES" VARCHAR2(50 BYTE)
   ) SEGMENT CREATION IMMEDIATE 
  PCTFREE 10 PCTUSED 40 INITRANS 1 MAXTRANS 255 
 NOCOMPRESS LOGGING
  STORAGE(INITIAL 65536 NEXT 1048576 MINEXTENTS 1 MAXEXTENTS 2147483645
  PCTINCREASE 0 FREELISTS 1 FREELIST GROUPS 1
  BUFFER_POOL DEFAULT FLASH_CACHE DEFAULT CELL_FLASH_CACHE DEFAULT)
  TABLESPACE "USERS" ;
--------------------------------------------------------
--  DDL for Table MUNKAVALLALO
--------------------------------------------------------

  CREATE TABLE "MUNKAVALLALO" 
   (	"SZEMELY_SZAM" NUMBER, 
	"NEM" VARCHAR2(10 BYTE), 
	"SZUL_DATUM" DATE DEFAULT NULL, 
	"LAKCIM" VARCHAR2(50 BYTE) DEFAULT NULL, 
	"NEV" NVARCHAR2(20), 
	"KAT_ID" NUMBER(*,0), 
	"USERNAME" VARCHAR2(60 BYTE)
   ) SEGMENT CREATION IMMEDIATE 
  PCTFREE 10 PCTUSED 40 INITRANS 1 MAXTRANS 255 
 NOCOMPRESS LOGGING
  STORAGE(INITIAL 65536 NEXT 1048576 MINEXTENTS 1 MAXEXTENTS 2147483645
  PCTINCREASE 0 FREELISTS 1 FREELIST GROUPS 1
  BUFFER_POOL DEFAULT FLASH_CACHE DEFAULT CELL_FLASH_CACHE DEFAULT)
  TABLESPACE "USERS" ;
--------------------------------------------------------
--  DDL for Table MUNKAVALLALO_KATEGORIAK
--------------------------------------------------------

  CREATE TABLE "MUNKAVALLALO_KATEGORIAK" 
   (	"ID" NUMBER(*,0), 
	"MEGNEVEZES" VARCHAR2(50 BYTE)
   ) SEGMENT CREATION IMMEDIATE 
  PCTFREE 10 PCTUSED 40 INITRANS 1 MAXTRANS 255 
 NOCOMPRESS LOGGING
  STORAGE(INITIAL 65536 NEXT 1048576 MINEXTENTS 1 MAXEXTENTS 2147483645
  PCTINCREASE 0 FREELISTS 1 FREELIST GROUPS 1
  BUFFER_POOL DEFAULT FLASH_CACHE DEFAULT CELL_FLASH_CACHE DEFAULT)
  TABLESPACE "USERS" ;
--------------------------------------------------------
--  DDL for Table ONELETRAJZ
--------------------------------------------------------

  CREATE TABLE "ONELETRAJZ" 
   (	"ID" NUMBER(*,0), 
	"REFERENCIA" VARCHAR2(50 BYTE), 
	"SZEMELY_SZAM" NUMBER
   ) SEGMENT CREATION IMMEDIATE 
  PCTFREE 10 PCTUSED 40 INITRANS 1 MAXTRANS 255 
 NOCOMPRESS LOGGING
  STORAGE(INITIAL 65536 NEXT 1048576 MINEXTENTS 1 MAXEXTENTS 2147483645
  PCTINCREASE 0 FREELISTS 1 FREELIST GROUPS 1
  BUFFER_POOL DEFAULT FLASH_CACHE DEFAULT CELL_FLASH_CACHE DEFAULT)
  TABLESPACE "USERS" ;
--------------------------------------------------------
--  DDL for Table REGISTER
--------------------------------------------------------

  CREATE TABLE "REGISTER" 
   (	"USERNAME" VARCHAR2(60 BYTE), 
	"REG_DATE" DATE, 
	"MV_ID" NUMBER, 
	"MC_ID" NUMBER, 
	"KV_ID" NUMBER
   ) SEGMENT CREATION IMMEDIATE 
  PCTFREE 10 PCTUSED 40 INITRANS 1 MAXTRANS 255 
 NOCOMPRESS LOGGING
  STORAGE(INITIAL 65536 NEXT 1048576 MINEXTENTS 1 MAXEXTENTS 2147483645
  PCTINCREASE 0 FREELISTS 1 FREELIST GROUPS 1
  BUFFER_POOL DEFAULT FLASH_CACHE DEFAULT CELL_FLASH_CACHE DEFAULT)
  TABLESPACE "USERS" ;
--------------------------------------------------------
--  DDL for Table SZAKMAI_TAPASZTALAT
--------------------------------------------------------

  CREATE TABLE "SZAKMAI_TAPASZTALAT" 
   (	"CV_ID" NUMBER(*,0), 
	"SZAKMAI_TAPASZTALAT" VARCHAR2(50 BYTE)
   ) SEGMENT CREATION IMMEDIATE 
  PCTFREE 10 PCTUSED 40 INITRANS 1 MAXTRANS 255 
 NOCOMPRESS LOGGING
  STORAGE(INITIAL 65536 NEXT 1048576 MINEXTENTS 1 MAXEXTENTS 2147483645
  PCTINCREASE 0 FREELISTS 1 FREELIST GROUPS 1
  BUFFER_POOL DEFAULT FLASH_CACHE DEFAULT CELL_FLASH_CACHE DEFAULT)
  TABLESPACE "USERS" ;
--------------------------------------------------------
--  DDL for Table TAPASZTALAT
--------------------------------------------------------

  CREATE TABLE "TAPASZTALAT" 
   (	"ID" NUMBER(5,0), 
	"SZEMELY_SZAM" NUMBER, 
	"MEGNEVEZES" VARCHAR2(50 BYTE)
   ) SEGMENT CREATION IMMEDIATE 
  PCTFREE 10 PCTUSED 40 INITRANS 1 MAXTRANS 255 
 NOCOMPRESS LOGGING
  STORAGE(INITIAL 65536 NEXT 1048576 MINEXTENTS 1 MAXEXTENTS 2147483645
  PCTINCREASE 0 FREELISTS 1 FREELIST GROUPS 1
  BUFFER_POOL DEFAULT FLASH_CACHE DEFAULT CELL_FLASH_CACHE DEFAULT)
  TABLESPACE "USERS" ;
REM INSERTING into ALLAS_ADATOK
SET DEFINE OFF;
REM INSERTING into ALLAS_LEHETOSEG
SET DEFINE OFF;
REM INSERTING into ISKOLAI_VEGZETTSEGEK
SET DEFINE OFF;
REM INSERTING into KOZVETITESEK
SET DEFINE OFF;
REM INSERTING into KOZVETITO
SET DEFINE OFF;
Insert into KOZVETITO (ADOSZAM,MEGNEVEZES,HELYSZIN,USERNAME) values ('4',null,null,'szabarnaKV');
Insert into KOZVETITO (ADOSZAM,MEGNEVEZES,HELYSZIN,USERNAME) values ('3',null,null,'kozvetito');
REM INSERTING into MUNKALTATO_CEG
SET DEFINE OFF;
Insert into MUNKALTATO_CEG (ADOSZAM,NEV,TELEPHELY,USERNAME) values ('6',null,null,'test');
Insert into MUNKALTATO_CEG (ADOSZAM,NEV,TELEPHELY,USERNAME) values ('5',null,null,'munkaltato');
REM INSERTING into MUNKALTATO_CEG_KATEGORIAK
SET DEFINE OFF;
REM INSERTING into MUNKAVALLALO
SET DEFINE OFF;
Insert into MUNKAVALLALO (SZEMELY_SZAM,NEM,SZUL_DATUM,LAKCIM,NEV,KAT_ID,USERNAME) values ('43','valami',to_date('70-JAN.  -01','RR-MON-DD'),'Szeged','asd',null,'szabarna10');
Insert into MUNKAVALLALO (SZEMELY_SZAM,NEM,SZUL_DATUM,LAKCIM,NEV,KAT_ID,USERNAME) values ('24',null,null,null,null,null,'szabarna2');
Insert into MUNKAVALLALO (SZEMELY_SZAM,NEM,SZUL_DATUM,LAKCIM,NEV,KAT_ID,USERNAME) values ('41','férfi',to_date('22-ÁPR.  -01','RR-MON-DD'),'6500 Baja ','Szabo Barnabas',null,'szabarna');
Insert into MUNKAVALLALO (SZEMELY_SZAM,NEM,SZUL_DATUM,LAKCIM,NEV,KAT_ID,USERNAME) values ('22',null,null,null,null,null,'ujMv');
REM INSERTING into MUNKAVALLALO_KATEGORIAK
SET DEFINE OFF;
REM INSERTING into ONELETRAJZ
SET DEFINE OFF;
REM INSERTING into REGISTER
SET DEFINE OFF;
Insert into REGISTER (USERNAME,REG_DATE,MV_ID,MC_ID,KV_ID) values ('szabarnaKV',to_date('22-ÁPR.  -24','RR-MON-DD'),null,null,'4');
Insert into REGISTER (USERNAME,REG_DATE,MV_ID,MC_ID,KV_ID) values ('munkaltato',to_date('22-ÁPR.  -24','RR-MON-DD'),null,'5',null);
Insert into REGISTER (USERNAME,REG_DATE,MV_ID,MC_ID,KV_ID) values ('szabarna',to_date('22-ÁPR.  -24','RR-MON-DD'),'41',null,null);
Insert into REGISTER (USERNAME,REG_DATE,MV_ID,MC_ID,KV_ID) values ('szabarna2',to_date('22-ÁPR.  -24','RR-MON-DD'),'24',null,null);
Insert into REGISTER (USERNAME,REG_DATE,MV_ID,MC_ID,KV_ID) values ('test',to_date('22-ÁPR.  -24','RR-MON-DD'),null,'6',null);
Insert into REGISTER (USERNAME,REG_DATE,MV_ID,MC_ID,KV_ID) values ('szabarna10',to_date('22-ÁPR.  -24','RR-MON-DD'),'43',null,null);
Insert into REGISTER (USERNAME,REG_DATE,MV_ID,MC_ID,KV_ID) values ('ujMv',to_date('22-ÁPR.  -24','RR-MON-DD'),'22',null,null);
Insert into REGISTER (USERNAME,REG_DATE,MV_ID,MC_ID,KV_ID) values ('kozvetito',to_date('22-ÁPR.  -24','RR-MON-DD'),null,null,'3');
REM INSERTING into SZAKMAI_TAPASZTALAT
SET DEFINE OFF;
REM INSERTING into TAPASZTALAT
SET DEFINE OFF;
--------------------------------------------------------
--  DDL for Index TAPASZTALAT_UK1
--------------------------------------------------------

  CREATE UNIQUE INDEX "TAPASZTALAT_UK1" ON "TAPASZTALAT" ("SZEMELY_SZAM") 
  PCTFREE 10 INITRANS 2 MAXTRANS 255 COMPUTE STATISTICS 
  STORAGE(INITIAL 65536 NEXT 1048576 MINEXTENTS 1 MAXEXTENTS 2147483645
  PCTINCREASE 0 FREELISTS 1 FREELIST GROUPS 1
  BUFFER_POOL DEFAULT FLASH_CACHE DEFAULT CELL_FLASH_CACHE DEFAULT)
  TABLESPACE "USERS" ;
--------------------------------------------------------
--  DDL for Index SYS_C0010092
--------------------------------------------------------

  CREATE UNIQUE INDEX "SYS_C0010092" ON "MUNKAVALLALO" ("SZEMELY_SZAM") 
  PCTFREE 10 INITRANS 2 MAXTRANS 255 COMPUTE STATISTICS 
  STORAGE(INITIAL 65536 NEXT 1048576 MINEXTENTS 1 MAXEXTENTS 2147483645
  PCTINCREASE 0 FREELISTS 1 FREELIST GROUPS 1
  BUFFER_POOL DEFAULT FLASH_CACHE DEFAULT CELL_FLASH_CACHE DEFAULT)
  TABLESPACE "USERS" ;
--------------------------------------------------------
--  DDL for Index ALLAS_LEHETOSEG_UK1
--------------------------------------------------------

  CREATE UNIQUE INDEX "ALLAS_LEHETOSEG_UK1" ON "ALLAS_LEHETOSEG" ("MV_ADOSZAM") 
  PCTFREE 10 INITRANS 2 MAXTRANS 255 COMPUTE STATISTICS 
  STORAGE(INITIAL 65536 NEXT 1048576 MINEXTENTS 1 MAXEXTENTS 2147483645
  PCTINCREASE 0 FREELISTS 1 FREELIST GROUPS 1
  BUFFER_POOL DEFAULT FLASH_CACHE DEFAULT CELL_FLASH_CACHE DEFAULT)
  TABLESPACE "USERS" ;
--------------------------------------------------------
--  DDL for Index SYS_C0010084
--------------------------------------------------------

  CREATE UNIQUE INDEX "SYS_C0010084" ON "MUNKALTATO_CEG" ("ADOSZAM") 
  PCTFREE 10 INITRANS 2 MAXTRANS 255 COMPUTE STATISTICS 
  STORAGE(INITIAL 65536 NEXT 1048576 MINEXTENTS 1 MAXEXTENTS 2147483645
  PCTINCREASE 0 FREELISTS 1 FREELIST GROUPS 1
  BUFFER_POOL DEFAULT FLASH_CACHE DEFAULT CELL_FLASH_CACHE DEFAULT)
  TABLESPACE "USERS" ;
--------------------------------------------------------
--  DDL for Index SYS_C0010095
--------------------------------------------------------

  CREATE UNIQUE INDEX "SYS_C0010095" ON "MUNKAVALLALO_KATEGORIAK" ("ID") 
  PCTFREE 10 INITRANS 2 MAXTRANS 255 COMPUTE STATISTICS 
  STORAGE(INITIAL 65536 NEXT 1048576 MINEXTENTS 1 MAXEXTENTS 2147483645
  PCTINCREASE 0 FREELISTS 1 FREELIST GROUPS 1
  BUFFER_POOL DEFAULT FLASH_CACHE DEFAULT CELL_FLASH_CACHE DEFAULT)
  TABLESPACE "USERS" ;
--------------------------------------------------------
--  DDL for Index ALLAS_ADATOK_PK
--------------------------------------------------------

  CREATE UNIQUE INDEX "ALLAS_ADATOK_PK" ON "ALLAS_ADATOK" ("ID") 
  PCTFREE 10 INITRANS 2 MAXTRANS 255 COMPUTE STATISTICS 
  STORAGE(INITIAL 65536 NEXT 1048576 MINEXTENTS 1 MAXEXTENTS 2147483645
  PCTINCREASE 0 FREELISTS 1 FREELIST GROUPS 1
  BUFFER_POOL DEFAULT FLASH_CACHE DEFAULT CELL_FLASH_CACHE DEFAULT)
  TABLESPACE "USERS" ;
--------------------------------------------------------
--  DDL for Index SYS_C0010069
--------------------------------------------------------

  CREATE UNIQUE INDEX "SYS_C0010069" ON "ALLAS_LEHETOSEG" ("ID") 
  PCTFREE 10 INITRANS 2 MAXTRANS 255 COMPUTE STATISTICS 
  STORAGE(INITIAL 65536 NEXT 1048576 MINEXTENTS 1 MAXEXTENTS 2147483645
  PCTINCREASE 0 FREELISTS 1 FREELIST GROUPS 1
  BUFFER_POOL DEFAULT FLASH_CACHE DEFAULT CELL_FLASH_CACHE DEFAULT)
  TABLESPACE "USERS" ;
--------------------------------------------------------
--  DDL for Index KOZVETITESEK_UK1
--------------------------------------------------------

  CREATE UNIQUE INDEX "KOZVETITESEK_UK1" ON "KOZVETITESEK" ("SZEMELY_SZAM") 
  PCTFREE 10 INITRANS 2 MAXTRANS 255 COMPUTE STATISTICS 
  STORAGE(INITIAL 65536 NEXT 1048576 MINEXTENTS 1 MAXEXTENTS 2147483645
  PCTINCREASE 0 FREELISTS 1 FREELIST GROUPS 1
  BUFFER_POOL DEFAULT FLASH_CACHE DEFAULT CELL_FLASH_CACHE DEFAULT)
  TABLESPACE "USERS" ;
--------------------------------------------------------
--  DDL for Index ALLAS_LEHETOSEG_UK2
--------------------------------------------------------

  CREATE UNIQUE INDEX "ALLAS_LEHETOSEG_UK2" ON "ALLAS_LEHETOSEG" ("MC_ADOSZAM") 
  PCTFREE 10 INITRANS 2 MAXTRANS 255 COMPUTE STATISTICS 
  STORAGE(INITIAL 65536 NEXT 1048576 MINEXTENTS 1 MAXEXTENTS 2147483645
  PCTINCREASE 0 FREELISTS 1 FREELIST GROUPS 1
  BUFFER_POOL DEFAULT FLASH_CACHE DEFAULT CELL_FLASH_CACHE DEFAULT)
  TABLESPACE "USERS" ;
--------------------------------------------------------
--  DDL for Index REGISTER_PK
--------------------------------------------------------

  CREATE UNIQUE INDEX "REGISTER_PK" ON "REGISTER" ("USERNAME") 
  PCTFREE 10 INITRANS 2 MAXTRANS 255 COMPUTE STATISTICS 
  STORAGE(INITIAL 65536 NEXT 1048576 MINEXTENTS 1 MAXEXTENTS 2147483645
  PCTINCREASE 0 FREELISTS 1 FREELIST GROUPS 1
  BUFFER_POOL DEFAULT FLASH_CACHE DEFAULT CELL_FLASH_CACHE DEFAULT)
  TABLESPACE "USERS" ;
--------------------------------------------------------
--  DDL for Index MUNKAVALLALO_UK1
--------------------------------------------------------

  CREATE UNIQUE INDEX "MUNKAVALLALO_UK1" ON "MUNKAVALLALO" ("KAT_ID") 
  PCTFREE 10 INITRANS 2 MAXTRANS 255 COMPUTE STATISTICS 
  STORAGE(INITIAL 65536 NEXT 1048576 MINEXTENTS 1 MAXEXTENTS 2147483645
  PCTINCREASE 0 FREELISTS 1 FREELIST GROUPS 1
  BUFFER_POOL DEFAULT FLASH_CACHE DEFAULT CELL_FLASH_CACHE DEFAULT)
  TABLESPACE "USERS" ;
--------------------------------------------------------
--  DDL for Index SYS_C0010080
--------------------------------------------------------

  CREATE UNIQUE INDEX "SYS_C0010080" ON "KOZVETITO" ("ADOSZAM") 
  PCTFREE 10 INITRANS 2 MAXTRANS 255 COMPUTE STATISTICS 
  STORAGE(INITIAL 65536 NEXT 1048576 MINEXTENTS 1 MAXEXTENTS 2147483645
  PCTINCREASE 0 FREELISTS 1 FREELIST GROUPS 1
  BUFFER_POOL DEFAULT FLASH_CACHE DEFAULT CELL_FLASH_CACHE DEFAULT)
  TABLESPACE "USERS" ;
--------------------------------------------------------
--  DDL for Index MUNKALTATO_CEG_KATEGORIAK_UK1
--------------------------------------------------------

  CREATE UNIQUE INDEX "MUNKALTATO_CEG_KATEGORIAK_UK1" ON "MUNKALTATO_CEG_KATEGORIAK" ("ADOSZAM") 
  PCTFREE 10 INITRANS 2 MAXTRANS 255 COMPUTE STATISTICS 
  STORAGE(INITIAL 65536 NEXT 1048576 MINEXTENTS 1 MAXEXTENTS 2147483645
  PCTINCREASE 0 FREELISTS 1 FREELIST GROUPS 1
  BUFFER_POOL DEFAULT FLASH_CACHE DEFAULT CELL_FLASH_CACHE DEFAULT)
  TABLESPACE "USERS" ;
--------------------------------------------------------
--  DDL for Index SYS_C0010072
--------------------------------------------------------

  CREATE UNIQUE INDEX "SYS_C0010072" ON "ISKOLAI_VEGZETTSEGEK" ("CV_ID") 
  PCTFREE 10 INITRANS 2 MAXTRANS 255 COMPUTE STATISTICS 
  STORAGE(INITIAL 65536 NEXT 1048576 MINEXTENTS 1 MAXEXTENTS 2147483645
  PCTINCREASE 0 FREELISTS 1 FREELIST GROUPS 1
  BUFFER_POOL DEFAULT FLASH_CACHE DEFAULT CELL_FLASH_CACHE DEFAULT)
  TABLESPACE "USERS" ;
--------------------------------------------------------
--  DDL for Index SYS_C0010103
--------------------------------------------------------

  CREATE UNIQUE INDEX "SYS_C0010103" ON "ONELETRAJZ" ("ID") 
  PCTFREE 10 INITRANS 2 MAXTRANS 255 COMPUTE STATISTICS 
  STORAGE(INITIAL 65536 NEXT 1048576 MINEXTENTS 1 MAXEXTENTS 2147483645
  PCTINCREASE 0 FREELISTS 1 FREELIST GROUPS 1
  BUFFER_POOL DEFAULT FLASH_CACHE DEFAULT CELL_FLASH_CACHE DEFAULT)
  TABLESPACE "USERS" ;
--------------------------------------------------------
--  DDL for Index SYS_C0010088
--------------------------------------------------------

  CREATE UNIQUE INDEX "SYS_C0010088" ON "MUNKALTATO_CEG_KATEGORIAK" ("ID") 
  PCTFREE 10 INITRANS 2 MAXTRANS 255 COMPUTE STATISTICS 
  STORAGE(INITIAL 65536 NEXT 1048576 MINEXTENTS 1 MAXEXTENTS 2147483645
  PCTINCREASE 0 FREELISTS 1 FREELIST GROUPS 1
  BUFFER_POOL DEFAULT FLASH_CACHE DEFAULT CELL_FLASH_CACHE DEFAULT)
  TABLESPACE "USERS" ;
--------------------------------------------------------
--  DDL for Index SYS_C0010076
--------------------------------------------------------

  CREATE UNIQUE INDEX "SYS_C0010076" ON "KOZVETITESEK" ("ADOSZAM") 
  PCTFREE 10 INITRANS 2 MAXTRANS 255 COMPUTE STATISTICS 
  STORAGE(INITIAL 65536 NEXT 1048576 MINEXTENTS 1 MAXEXTENTS 2147483645
  PCTINCREASE 0 FREELISTS 1 FREELIST GROUPS 1
  BUFFER_POOL DEFAULT FLASH_CACHE DEFAULT CELL_FLASH_CACHE DEFAULT)
  TABLESPACE "USERS" ;
--------------------------------------------------------
--  DDL for Index SYS_C0010110
--------------------------------------------------------

  CREATE UNIQUE INDEX "SYS_C0010110" ON "TAPASZTALAT" ("ID") 
  PCTFREE 10 INITRANS 2 MAXTRANS 255 COMPUTE STATISTICS 
  STORAGE(INITIAL 65536 NEXT 1048576 MINEXTENTS 1 MAXEXTENTS 2147483645
  PCTINCREASE 0 FREELISTS 1 FREELIST GROUPS 1
  BUFFER_POOL DEFAULT FLASH_CACHE DEFAULT CELL_FLASH_CACHE DEFAULT)
  TABLESPACE "USERS" ;
--------------------------------------------------------
--  DDL for Index SYS_C0010106
--------------------------------------------------------

  CREATE UNIQUE INDEX "SYS_C0010106" ON "SZAKMAI_TAPASZTALAT" ("CV_ID") 
  PCTFREE 10 INITRANS 2 MAXTRANS 255 COMPUTE STATISTICS 
  STORAGE(INITIAL 65536 NEXT 1048576 MINEXTENTS 1 MAXEXTENTS 2147483645
  PCTINCREASE 0 FREELISTS 1 FREELIST GROUPS 1
  BUFFER_POOL DEFAULT FLASH_CACHE DEFAULT CELL_FLASH_CACHE DEFAULT)
  TABLESPACE "USERS" ;
--------------------------------------------------------
--  DDL for Index ONELETRAJZ_UK1
--------------------------------------------------------

  CREATE UNIQUE INDEX "ONELETRAJZ_UK1" ON "ONELETRAJZ" ("SZEMELY_SZAM") 
  PCTFREE 10 INITRANS 2 MAXTRANS 255 COMPUTE STATISTICS 
  STORAGE(INITIAL 65536 NEXT 1048576 MINEXTENTS 1 MAXEXTENTS 2147483645
  PCTINCREASE 0 FREELISTS 1 FREELIST GROUPS 1
  BUFFER_POOL DEFAULT FLASH_CACHE DEFAULT CELL_FLASH_CACHE DEFAULT)
  TABLESPACE "USERS" ;
--------------------------------------------------------
--  DDL for Trigger ALLAS_ADATOK_TRG
--------------------------------------------------------

  CREATE OR REPLACE EDITIONABLE TRIGGER "ALLAS_ADATOK_TRG" 
BEFORE INSERT ON ALLAS_ADATOK 
FOR EACH ROW 
BEGIN
  <<COLUMN_SEQUENCES>>
  BEGIN
    IF INSERTING AND :NEW.ID IS NULL THEN
      SELECT ALLAS_ADATOK_SEQ.NEXTVAL INTO :NEW.ID FROM SYS.DUAL;
    END IF;
  END COLUMN_SEQUENCES;
END;
/
ALTER TRIGGER "ALLAS_ADATOK_TRG" ENABLE;
--------------------------------------------------------
--  DDL for Trigger ALLAS_LEHETOSEG_TRG
--------------------------------------------------------

  CREATE OR REPLACE EDITIONABLE TRIGGER "ALLAS_LEHETOSEG_TRG" 
BEFORE INSERT ON ALLAS_LEHETOSEG 
FOR EACH ROW 
BEGIN
  <<COLUMN_SEQUENCES>>
  BEGIN
    NULL;
  END COLUMN_SEQUENCES;
END;
/
ALTER TRIGGER "ALLAS_LEHETOSEG_TRG" ENABLE;
--------------------------------------------------------
--  DDL for Trigger ISKOLAI_VEGZETTSEGEK_TRG
--------------------------------------------------------

  CREATE OR REPLACE EDITIONABLE TRIGGER "ISKOLAI_VEGZETTSEGEK_TRG" 
BEFORE INSERT ON ISKOLAI_VEGZETTSEGEK 
FOR EACH ROW 
BEGIN
  <<COLUMN_SEQUENCES>>
  BEGIN
    IF INSERTING AND :NEW.CV_ID IS NULL THEN
      SELECT ISKOLAI_VEGZETTSEGEK_SEQ.NEXTVAL INTO :NEW.CV_ID FROM SYS.DUAL;
    END IF;
  END COLUMN_SEQUENCES;
END;
/
ALTER TRIGGER "ISKOLAI_VEGZETTSEGEK_TRG" ENABLE;
--------------------------------------------------------
--  DDL for Trigger KOZVETITESEK_TRG
--------------------------------------------------------

  CREATE OR REPLACE EDITIONABLE TRIGGER "KOZVETITESEK_TRG" 
BEFORE INSERT ON KOZVETITESEK 
FOR EACH ROW 
BEGIN
  <<COLUMN_SEQUENCES>>
  BEGIN
    IF INSERTING AND :NEW.ADOSZAM IS NULL THEN
      SELECT KOZVETITESEK_SEQ.NEXTVAL INTO :NEW.ADOSZAM FROM SYS.DUAL;
    END IF;
  END COLUMN_SEQUENCES;
END;
/
ALTER TRIGGER "KOZVETITESEK_TRG" ENABLE;
--------------------------------------------------------
--  DDL for Trigger KOZVETITO_TRG
--------------------------------------------------------

  CREATE OR REPLACE EDITIONABLE TRIGGER "KOZVETITO_TRG" 
BEFORE INSERT ON KOZVETITO 
FOR EACH ROW 
BEGIN
  <<COLUMN_SEQUENCES>>
  BEGIN
    NULL;
  END COLUMN_SEQUENCES;
END;
/
ALTER TRIGGER "KOZVETITO_TRG" ENABLE;
--------------------------------------------------------
--  DDL for Trigger KOZVETITO_TRG1
--------------------------------------------------------

  CREATE OR REPLACE EDITIONABLE TRIGGER "KOZVETITO_TRG1" 
BEFORE INSERT ON KOZVETITO 
FOR EACH ROW 
BEGIN
  <<COLUMN_SEQUENCES>>
  BEGIN
    IF INSERTING AND :NEW.ADOSZAM IS NULL THEN
      SELECT KOZVETITO_SEQ1.NEXTVAL INTO :NEW.ADOSZAM FROM SYS.DUAL;
    END IF;
  END COLUMN_SEQUENCES;
END;
/
ALTER TRIGGER "KOZVETITO_TRG1" ENABLE;
--------------------------------------------------------
--  DDL for Trigger MUNKALTATO_CEG_KATEGORIAK_TRG
--------------------------------------------------------

  CREATE OR REPLACE EDITIONABLE TRIGGER "MUNKALTATO_CEG_KATEGORIAK_TRG" 
BEFORE INSERT ON MUNKALTATO_CEG_KATEGORIAK 
FOR EACH ROW 
BEGIN
  <<COLUMN_SEQUENCES>>
  BEGIN
    IF INSERTING AND :NEW.ID IS NULL THEN
      SELECT MUNKALTATO_CEG_KATEGORIAK_SEQ.NEXTVAL INTO :NEW.ID FROM SYS.DUAL;
    END IF;
  END COLUMN_SEQUENCES;
END;
/
ALTER TRIGGER "MUNKALTATO_CEG_KATEGORIAK_TRG" ENABLE;
--------------------------------------------------------
--  DDL for Trigger MUNKALTATO_CEG_TRG
--------------------------------------------------------

  CREATE OR REPLACE EDITIONABLE TRIGGER "MUNKALTATO_CEG_TRG" 
BEFORE INSERT ON MUNKALTATO_CEG 
FOR EACH ROW 
BEGIN
  <<COLUMN_SEQUENCES>>
  BEGIN
    NULL;
  END COLUMN_SEQUENCES;
END;
/
ALTER TRIGGER "MUNKALTATO_CEG_TRG" ENABLE;
--------------------------------------------------------
--  DDL for Trigger MUNKALTATO_CEG_TRG1
--------------------------------------------------------

  CREATE OR REPLACE EDITIONABLE TRIGGER "MUNKALTATO_CEG_TRG1" 
BEFORE INSERT ON MUNKALTATO_CEG 
FOR EACH ROW 
BEGIN
  <<COLUMN_SEQUENCES>>
  BEGIN
    IF INSERTING AND :NEW.ADOSZAM IS NULL THEN
      SELECT MUNKALTATO_CEG_SEQ1.NEXTVAL INTO :NEW.ADOSZAM FROM SYS.DUAL;
    END IF;
  END COLUMN_SEQUENCES;
END;
/
ALTER TRIGGER "MUNKALTATO_CEG_TRG1" ENABLE;
--------------------------------------------------------
--  DDL for Trigger MUNKAVALLALO_KATEGORIAK_TRG
--------------------------------------------------------

  CREATE OR REPLACE EDITIONABLE TRIGGER "MUNKAVALLALO_KATEGORIAK_TRG" 
BEFORE INSERT ON MUNKAVALLALO_KATEGORIAK 
FOR EACH ROW 
BEGIN
  <<COLUMN_SEQUENCES>>
  BEGIN
    IF INSERTING AND :NEW.ID IS NULL THEN
      SELECT MUNKAVALLALO_KATEGORIAK_SEQ.NEXTVAL INTO :NEW.ID FROM SYS.DUAL;
    END IF;
  END COLUMN_SEQUENCES;
END;
/
ALTER TRIGGER "MUNKAVALLALO_KATEGORIAK_TRG" ENABLE;
--------------------------------------------------------
--  DDL for Trigger MUNKAVALLALO_TRG
--------------------------------------------------------

  CREATE OR REPLACE EDITIONABLE TRIGGER "MUNKAVALLALO_TRG" 
BEFORE INSERT ON MUNKAVALLALO 
FOR EACH ROW 
BEGIN
  <<COLUMN_SEQUENCES>>
  BEGIN
    NULL;
  END COLUMN_SEQUENCES;
END;
/
ALTER TRIGGER "MUNKAVALLALO_TRG" ENABLE;
--------------------------------------------------------
--  DDL for Trigger MUNKAVALLALO_TRG1
--------------------------------------------------------

  CREATE OR REPLACE EDITIONABLE TRIGGER "MUNKAVALLALO_TRG1" 
BEFORE INSERT ON MUNKAVALLALO 
FOR EACH ROW 
BEGIN
  <<COLUMN_SEQUENCES>>
  BEGIN
    NULL;
  END COLUMN_SEQUENCES;
END;
/
ALTER TRIGGER "MUNKAVALLALO_TRG1" ENABLE;
--------------------------------------------------------
--  DDL for Trigger MUNKAVALLALO_TRG2
--------------------------------------------------------

  CREATE OR REPLACE EDITIONABLE TRIGGER "MUNKAVALLALO_TRG2" 
BEFORE INSERT ON MUNKAVALLALO 
FOR EACH ROW 
BEGIN
  <<COLUMN_SEQUENCES>>
  BEGIN
    IF INSERTING AND :NEW.SZEMELY_SZAM IS NULL THEN
      SELECT MUNKAVALLALO_SEQ2.NEXTVAL INTO :NEW.SZEMELY_SZAM FROM SYS.DUAL;
    END IF;
  END COLUMN_SEQUENCES;
END;
/
ALTER TRIGGER "MUNKAVALLALO_TRG2" ENABLE;
--------------------------------------------------------
--  DDL for Trigger ONELETRAJZ_TRG
--------------------------------------------------------

  CREATE OR REPLACE EDITIONABLE TRIGGER "ONELETRAJZ_TRG" 
BEFORE INSERT ON ONELETRAJZ 
FOR EACH ROW 
BEGIN
  <<COLUMN_SEQUENCES>>
  BEGIN
    IF INSERTING AND :NEW.ID IS NULL THEN
      SELECT ONELETRAJZ_SEQ.NEXTVAL INTO :NEW.ID FROM SYS.DUAL;
    END IF;
  END COLUMN_SEQUENCES;
END;
/
ALTER TRIGGER "ONELETRAJZ_TRG" ENABLE;
--------------------------------------------------------
--  DDL for Trigger ONKV_INSERT
--------------------------------------------------------

  CREATE OR REPLACE EDITIONABLE TRIGGER "ONKV_INSERT" 
after insert on kozvetito
for each row
begin
    update register set kv_id = :NEW.adoszam WHERE username = :NEW.username;
end;

/
ALTER TRIGGER "ONKV_INSERT" ENABLE;
--------------------------------------------------------
--  DDL for Trigger ONMC_INSERT
--------------------------------------------------------

  CREATE OR REPLACE EDITIONABLE TRIGGER "ONMC_INSERT" 
after insert on munkaltato_ceg
for each row
begin
    update register set mc_id = :NEW.adoszam WHERE username = :NEW.username;
end;

/
ALTER TRIGGER "ONMC_INSERT" ENABLE;
--------------------------------------------------------
--  DDL for Trigger ONMV_INSERT
--------------------------------------------------------

  CREATE OR REPLACE EDITIONABLE TRIGGER "ONMV_INSERT" 
after insert on munkavallalo
for each row
begin
    update register set mv_id = :NEW.szemely_szam WHERE username = :NEW.username;
end;

/
ALTER TRIGGER "ONMV_INSERT" ENABLE;
--------------------------------------------------------
--  DDL for Trigger ONREGISTER
--------------------------------------------------------

  CREATE OR REPLACE EDITIONABLE TRIGGER "ONREGISTER" 
AFTER INSERT ON SZABARNA.REGISTER
BEGIN
    UPDATE REGISTER SET reg_date = CURRENT_DATE;
END;
/
ALTER TRIGGER "ONREGISTER" ENABLE;
--------------------------------------------------------
--  DDL for Trigger SZAKMAI_TAPASZTALAT_TRG
--------------------------------------------------------

  CREATE OR REPLACE EDITIONABLE TRIGGER "SZAKMAI_TAPASZTALAT_TRG" 
BEFORE INSERT ON SZAKMAI_TAPASZTALAT 
FOR EACH ROW 
BEGIN
  <<COLUMN_SEQUENCES>>
  BEGIN
    IF INSERTING AND :NEW.CV_ID IS NULL THEN
      SELECT SZAKMAI_TAPASZTALAT_SEQ.NEXTVAL INTO :NEW.CV_ID FROM SYS.DUAL;
    END IF;
  END COLUMN_SEQUENCES;
END;
/
ALTER TRIGGER "SZAKMAI_TAPASZTALAT_TRG" ENABLE;
--------------------------------------------------------
--  DDL for Trigger TAPASZTALAT_TRG
--------------------------------------------------------

  CREATE OR REPLACE EDITIONABLE TRIGGER "TAPASZTALAT_TRG" 
BEFORE INSERT ON TAPASZTALAT 
FOR EACH ROW 
BEGIN
  <<COLUMN_SEQUENCES>>
  BEGIN
    IF INSERTING AND :NEW.ID IS NULL THEN
      SELECT TAPASZTALAT_SEQ.NEXTVAL INTO :NEW.ID FROM SYS.DUAL;
    END IF;
  END COLUMN_SEQUENCES;
END;
/
ALTER TRIGGER "TAPASZTALAT_TRG" ENABLE;
--------------------------------------------------------
--  Constraints for Table SZAKMAI_TAPASZTALAT
--------------------------------------------------------

  ALTER TABLE "SZAKMAI_TAPASZTALAT" MODIFY ("CV_ID" NOT NULL ENABLE);
  ALTER TABLE "SZAKMAI_TAPASZTALAT" ADD PRIMARY KEY ("CV_ID")
  USING INDEX PCTFREE 10 INITRANS 2 MAXTRANS 255 COMPUTE STATISTICS 
  STORAGE(INITIAL 65536 NEXT 1048576 MINEXTENTS 1 MAXEXTENTS 2147483645
  PCTINCREASE 0 FREELISTS 1 FREELIST GROUPS 1
  BUFFER_POOL DEFAULT FLASH_CACHE DEFAULT CELL_FLASH_CACHE DEFAULT)
  TABLESPACE "USERS"  ENABLE;
--------------------------------------------------------
--  Constraints for Table MUNKAVALLALO_KATEGORIAK
--------------------------------------------------------

  ALTER TABLE "MUNKAVALLALO_KATEGORIAK" MODIFY ("ID" NOT NULL ENABLE);
  ALTER TABLE "MUNKAVALLALO_KATEGORIAK" ADD PRIMARY KEY ("ID")
  USING INDEX PCTFREE 10 INITRANS 2 MAXTRANS 255 COMPUTE STATISTICS 
  STORAGE(INITIAL 65536 NEXT 1048576 MINEXTENTS 1 MAXEXTENTS 2147483645
  PCTINCREASE 0 FREELISTS 1 FREELIST GROUPS 1
  BUFFER_POOL DEFAULT FLASH_CACHE DEFAULT CELL_FLASH_CACHE DEFAULT)
  TABLESPACE "USERS"  ENABLE;
--------------------------------------------------------
--  Constraints for Table MUNKALTATO_CEG
--------------------------------------------------------

  ALTER TABLE "MUNKALTATO_CEG" MODIFY ("ADOSZAM" NOT NULL ENABLE);
  ALTER TABLE "MUNKALTATO_CEG" ADD PRIMARY KEY ("ADOSZAM")
  USING INDEX PCTFREE 10 INITRANS 2 MAXTRANS 255 COMPUTE STATISTICS 
  STORAGE(INITIAL 65536 NEXT 1048576 MINEXTENTS 1 MAXEXTENTS 2147483645
  PCTINCREASE 0 FREELISTS 1 FREELIST GROUPS 1
  BUFFER_POOL DEFAULT FLASH_CACHE DEFAULT CELL_FLASH_CACHE DEFAULT)
  TABLESPACE "USERS"  ENABLE;
--------------------------------------------------------
--  Constraints for Table REGISTER
--------------------------------------------------------

  ALTER TABLE "REGISTER" MODIFY ("USERNAME" NOT NULL ENABLE);
  ALTER TABLE "REGISTER" ADD CONSTRAINT "REGISTER_PK" PRIMARY KEY ("USERNAME")
  USING INDEX PCTFREE 10 INITRANS 2 MAXTRANS 255 COMPUTE STATISTICS 
  STORAGE(INITIAL 65536 NEXT 1048576 MINEXTENTS 1 MAXEXTENTS 2147483645
  PCTINCREASE 0 FREELISTS 1 FREELIST GROUPS 1
  BUFFER_POOL DEFAULT FLASH_CACHE DEFAULT CELL_FLASH_CACHE DEFAULT)
  TABLESPACE "USERS"  ENABLE;
--------------------------------------------------------
--  Constraints for Table ISKOLAI_VEGZETTSEGEK
--------------------------------------------------------

  ALTER TABLE "ISKOLAI_VEGZETTSEGEK" MODIFY ("CV_ID" NOT NULL ENABLE);
  ALTER TABLE "ISKOLAI_VEGZETTSEGEK" ADD PRIMARY KEY ("CV_ID")
  USING INDEX PCTFREE 10 INITRANS 2 MAXTRANS 255 COMPUTE STATISTICS 
  STORAGE(INITIAL 65536 NEXT 1048576 MINEXTENTS 1 MAXEXTENTS 2147483645
  PCTINCREASE 0 FREELISTS 1 FREELIST GROUPS 1
  BUFFER_POOL DEFAULT FLASH_CACHE DEFAULT CELL_FLASH_CACHE DEFAULT)
  TABLESPACE "USERS"  ENABLE;
--------------------------------------------------------
--  Constraints for Table TAPASZTALAT
--------------------------------------------------------

  ALTER TABLE "TAPASZTALAT" MODIFY ("ID" NOT NULL ENABLE);
  ALTER TABLE "TAPASZTALAT" ADD PRIMARY KEY ("ID")
  USING INDEX PCTFREE 10 INITRANS 2 MAXTRANS 255 COMPUTE STATISTICS 
  STORAGE(INITIAL 65536 NEXT 1048576 MINEXTENTS 1 MAXEXTENTS 2147483645
  PCTINCREASE 0 FREELISTS 1 FREELIST GROUPS 1
  BUFFER_POOL DEFAULT FLASH_CACHE DEFAULT CELL_FLASH_CACHE DEFAULT)
  TABLESPACE "USERS"  ENABLE;
  ALTER TABLE "TAPASZTALAT" ADD CONSTRAINT "TAPASZTALAT_UK1" UNIQUE ("SZEMELY_SZAM")
  USING INDEX PCTFREE 10 INITRANS 2 MAXTRANS 255 COMPUTE STATISTICS 
  STORAGE(INITIAL 65536 NEXT 1048576 MINEXTENTS 1 MAXEXTENTS 2147483645
  PCTINCREASE 0 FREELISTS 1 FREELIST GROUPS 1
  BUFFER_POOL DEFAULT FLASH_CACHE DEFAULT CELL_FLASH_CACHE DEFAULT)
  TABLESPACE "USERS"  ENABLE;
--------------------------------------------------------
--  Constraints for Table KOZVETITO
--------------------------------------------------------

  ALTER TABLE "KOZVETITO" MODIFY ("ADOSZAM" NOT NULL ENABLE);
  ALTER TABLE "KOZVETITO" ADD PRIMARY KEY ("ADOSZAM")
  USING INDEX PCTFREE 10 INITRANS 2 MAXTRANS 255 COMPUTE STATISTICS 
  STORAGE(INITIAL 65536 NEXT 1048576 MINEXTENTS 1 MAXEXTENTS 2147483645
  PCTINCREASE 0 FREELISTS 1 FREELIST GROUPS 1
  BUFFER_POOL DEFAULT FLASH_CACHE DEFAULT CELL_FLASH_CACHE DEFAULT)
  TABLESPACE "USERS"  ENABLE;
--------------------------------------------------------
--  Constraints for Table ALLAS_ADATOK
--------------------------------------------------------

  ALTER TABLE "ALLAS_ADATOK" ADD CONSTRAINT "ALLAS_ADATOK_PK" PRIMARY KEY ("ID")
  USING INDEX PCTFREE 10 INITRANS 2 MAXTRANS 255 COMPUTE STATISTICS 
  STORAGE(INITIAL 65536 NEXT 1048576 MINEXTENTS 1 MAXEXTENTS 2147483645
  PCTINCREASE 0 FREELISTS 1 FREELIST GROUPS 1
  BUFFER_POOL DEFAULT FLASH_CACHE DEFAULT CELL_FLASH_CACHE DEFAULT)
  TABLESPACE "USERS"  ENABLE;
  ALTER TABLE "ALLAS_ADATOK" MODIFY ("ID" NOT NULL ENABLE);
--------------------------------------------------------
--  Constraints for Table ONELETRAJZ
--------------------------------------------------------

  ALTER TABLE "ONELETRAJZ" MODIFY ("ID" NOT NULL ENABLE);
  ALTER TABLE "ONELETRAJZ" ADD PRIMARY KEY ("ID")
  USING INDEX PCTFREE 10 INITRANS 2 MAXTRANS 255 COMPUTE STATISTICS 
  STORAGE(INITIAL 65536 NEXT 1048576 MINEXTENTS 1 MAXEXTENTS 2147483645
  PCTINCREASE 0 FREELISTS 1 FREELIST GROUPS 1
  BUFFER_POOL DEFAULT FLASH_CACHE DEFAULT CELL_FLASH_CACHE DEFAULT)
  TABLESPACE "USERS"  ENABLE;
  ALTER TABLE "ONELETRAJZ" ADD CONSTRAINT "ONELETRAJZ_UK1" UNIQUE ("SZEMELY_SZAM")
  USING INDEX PCTFREE 10 INITRANS 2 MAXTRANS 255 COMPUTE STATISTICS 
  STORAGE(INITIAL 65536 NEXT 1048576 MINEXTENTS 1 MAXEXTENTS 2147483645
  PCTINCREASE 0 FREELISTS 1 FREELIST GROUPS 1
  BUFFER_POOL DEFAULT FLASH_CACHE DEFAULT CELL_FLASH_CACHE DEFAULT)
  TABLESPACE "USERS"  ENABLE;
--------------------------------------------------------
--  Constraints for Table ALLAS_LEHETOSEG
--------------------------------------------------------

  ALTER TABLE "ALLAS_LEHETOSEG" MODIFY ("ID" NOT NULL ENABLE);
  ALTER TABLE "ALLAS_LEHETOSEG" MODIFY ("MV_ADOSZAM" NOT NULL ENABLE);
  ALTER TABLE "ALLAS_LEHETOSEG" MODIFY ("MC_ADOSZAM" NOT NULL ENABLE);
  ALTER TABLE "ALLAS_LEHETOSEG" ADD PRIMARY KEY ("ID")
  USING INDEX PCTFREE 10 INITRANS 2 MAXTRANS 255 COMPUTE STATISTICS 
  STORAGE(INITIAL 65536 NEXT 1048576 MINEXTENTS 1 MAXEXTENTS 2147483645
  PCTINCREASE 0 FREELISTS 1 FREELIST GROUPS 1
  BUFFER_POOL DEFAULT FLASH_CACHE DEFAULT CELL_FLASH_CACHE DEFAULT)
  TABLESPACE "USERS"  ENABLE;
  ALTER TABLE "ALLAS_LEHETOSEG" ADD CONSTRAINT "ALLAS_LEHETOSEG_UK2" UNIQUE ("MC_ADOSZAM")
  USING INDEX PCTFREE 10 INITRANS 2 MAXTRANS 255 COMPUTE STATISTICS 
  STORAGE(INITIAL 65536 NEXT 1048576 MINEXTENTS 1 MAXEXTENTS 2147483645
  PCTINCREASE 0 FREELISTS 1 FREELIST GROUPS 1
  BUFFER_POOL DEFAULT FLASH_CACHE DEFAULT CELL_FLASH_CACHE DEFAULT)
  TABLESPACE "USERS"  ENABLE;
  ALTER TABLE "ALLAS_LEHETOSEG" ADD CONSTRAINT "ALLAS_LEHETOSEG_UK1" UNIQUE ("MV_ADOSZAM")
  USING INDEX PCTFREE 10 INITRANS 2 MAXTRANS 255 COMPUTE STATISTICS 
  STORAGE(INITIAL 65536 NEXT 1048576 MINEXTENTS 1 MAXEXTENTS 2147483645
  PCTINCREASE 0 FREELISTS 1 FREELIST GROUPS 1
  BUFFER_POOL DEFAULT FLASH_CACHE DEFAULT CELL_FLASH_CACHE DEFAULT)
  TABLESPACE "USERS"  ENABLE;
--------------------------------------------------------
--  Constraints for Table MUNKALTATO_CEG_KATEGORIAK
--------------------------------------------------------

  ALTER TABLE "MUNKALTATO_CEG_KATEGORIAK" ADD CONSTRAINT "MUNKALTATO_CEG_KATEGORIAK_UK1" UNIQUE ("ADOSZAM")
  USING INDEX PCTFREE 10 INITRANS 2 MAXTRANS 255 COMPUTE STATISTICS 
  STORAGE(INITIAL 65536 NEXT 1048576 MINEXTENTS 1 MAXEXTENTS 2147483645
  PCTINCREASE 0 FREELISTS 1 FREELIST GROUPS 1
  BUFFER_POOL DEFAULT FLASH_CACHE DEFAULT CELL_FLASH_CACHE DEFAULT)
  TABLESPACE "USERS"  ENABLE;
  ALTER TABLE "MUNKALTATO_CEG_KATEGORIAK" MODIFY ("ID" NOT NULL ENABLE);
  ALTER TABLE "MUNKALTATO_CEG_KATEGORIAK" ADD PRIMARY KEY ("ID")
  USING INDEX PCTFREE 10 INITRANS 2 MAXTRANS 255 COMPUTE STATISTICS 
  STORAGE(INITIAL 65536 NEXT 1048576 MINEXTENTS 1 MAXEXTENTS 2147483645
  PCTINCREASE 0 FREELISTS 1 FREELIST GROUPS 1
  BUFFER_POOL DEFAULT FLASH_CACHE DEFAULT CELL_FLASH_CACHE DEFAULT)
  TABLESPACE "USERS"  ENABLE;
--------------------------------------------------------
--  Constraints for Table MUNKAVALLALO
--------------------------------------------------------

  ALTER TABLE "MUNKAVALLALO" MODIFY ("SZEMELY_SZAM" NOT NULL ENABLE);
  ALTER TABLE "MUNKAVALLALO" ADD PRIMARY KEY ("SZEMELY_SZAM")
  USING INDEX PCTFREE 10 INITRANS 2 MAXTRANS 255 COMPUTE STATISTICS 
  STORAGE(INITIAL 65536 NEXT 1048576 MINEXTENTS 1 MAXEXTENTS 2147483645
  PCTINCREASE 0 FREELISTS 1 FREELIST GROUPS 1
  BUFFER_POOL DEFAULT FLASH_CACHE DEFAULT CELL_FLASH_CACHE DEFAULT)
  TABLESPACE "USERS"  ENABLE;
  ALTER TABLE "MUNKAVALLALO" ADD CONSTRAINT "MUNKAVALLALO_UK1" UNIQUE ("KAT_ID")
  USING INDEX PCTFREE 10 INITRANS 2 MAXTRANS 255 COMPUTE STATISTICS 
  STORAGE(INITIAL 65536 NEXT 1048576 MINEXTENTS 1 MAXEXTENTS 2147483645
  PCTINCREASE 0 FREELISTS 1 FREELIST GROUPS 1
  BUFFER_POOL DEFAULT FLASH_CACHE DEFAULT CELL_FLASH_CACHE DEFAULT)
  TABLESPACE "USERS"  ENABLE;
--------------------------------------------------------
--  Constraints for Table KOZVETITESEK
--------------------------------------------------------

  ALTER TABLE "KOZVETITESEK" ADD CONSTRAINT "KOZVETITESEK_UK1" UNIQUE ("SZEMELY_SZAM")
  USING INDEX PCTFREE 10 INITRANS 2 MAXTRANS 255 COMPUTE STATISTICS 
  STORAGE(INITIAL 65536 NEXT 1048576 MINEXTENTS 1 MAXEXTENTS 2147483645
  PCTINCREASE 0 FREELISTS 1 FREELIST GROUPS 1
  BUFFER_POOL DEFAULT FLASH_CACHE DEFAULT CELL_FLASH_CACHE DEFAULT)
  TABLESPACE "USERS"  ENABLE;
  ALTER TABLE "KOZVETITESEK" MODIFY ("ADOSZAM" NOT NULL ENABLE);
  ALTER TABLE "KOZVETITESEK" MODIFY ("SZEMELY_SZAM" NOT NULL ENABLE);
  ALTER TABLE "KOZVETITESEK" MODIFY ("KOZ_KOD" NOT NULL ENABLE);
  ALTER TABLE "KOZVETITESEK" ADD PRIMARY KEY ("ADOSZAM")
  USING INDEX PCTFREE 10 INITRANS 2 MAXTRANS 255 COMPUTE STATISTICS 
  STORAGE(INITIAL 65536 NEXT 1048576 MINEXTENTS 1 MAXEXTENTS 2147483645
  PCTINCREASE 0 FREELISTS 1 FREELIST GROUPS 1
  BUFFER_POOL DEFAULT FLASH_CACHE DEFAULT CELL_FLASH_CACHE DEFAULT)
  TABLESPACE "USERS"  ENABLE;
--------------------------------------------------------
--  Ref Constraints for Table ALLAS_LEHETOSEG
--------------------------------------------------------

  ALTER TABLE "ALLAS_LEHETOSEG" ADD CONSTRAINT "ALLAS_LEHETOSEG_FK1" FOREIGN KEY ("MV_ADOSZAM")
	  REFERENCES "MUNKAVALLALO" ("SZEMELY_SZAM") ENABLE;
  ALTER TABLE "ALLAS_LEHETOSEG" ADD CONSTRAINT "ALLAS_LEHETOSEG_FK2" FOREIGN KEY ("MC_ADOSZAM")
	  REFERENCES "MUNKALTATO_CEG" ("ADOSZAM") ENABLE;
--------------------------------------------------------
--  Ref Constraints for Table KOZVETITESEK
--------------------------------------------------------

  ALTER TABLE "KOZVETITESEK" ADD CONSTRAINT "KOZVETITESEK_FK1" FOREIGN KEY ("SZEMELY_SZAM")
	  REFERENCES "MUNKAVALLALO" ("SZEMELY_SZAM") ENABLE;
  ALTER TABLE "KOZVETITESEK" ADD CONSTRAINT "KOZVETITESEK_FK2" FOREIGN KEY ("KOZ_KOD")
	  REFERENCES "KOZVETITO" ("ADOSZAM") ENABLE;
--------------------------------------------------------
--  Ref Constraints for Table KOZVETITO
--------------------------------------------------------

  ALTER TABLE "KOZVETITO" ADD CONSTRAINT "KOZVETITO_FK1" FOREIGN KEY ("USERNAME")
	  REFERENCES "REGISTER" ("USERNAME") ENABLE;
--------------------------------------------------------
--  Ref Constraints for Table MUNKALTATO_CEG
--------------------------------------------------------

  ALTER TABLE "MUNKALTATO_CEG" ADD CONSTRAINT "MUNKALTATO_CEG_FK1" FOREIGN KEY ("USERNAME")
	  REFERENCES "REGISTER" ("USERNAME") ENABLE;
--------------------------------------------------------
--  Ref Constraints for Table MUNKALTATO_CEG_KATEGORIAK
--------------------------------------------------------

  ALTER TABLE "MUNKALTATO_CEG_KATEGORIAK" ADD CONSTRAINT "MUNKALTATO_CEG_KATEGORIAK_FK1" FOREIGN KEY ("ADOSZAM")
	  REFERENCES "MUNKALTATO_CEG" ("ADOSZAM") ENABLE;
--------------------------------------------------------
--  Ref Constraints for Table MUNKAVALLALO
--------------------------------------------------------

  ALTER TABLE "MUNKAVALLALO" ADD CONSTRAINT "MUNKAVALLALO_FK1" FOREIGN KEY ("USERNAME")
	  REFERENCES "REGISTER" ("USERNAME") ENABLE;
--------------------------------------------------------
--  Ref Constraints for Table MUNKAVALLALO_KATEGORIAK
--------------------------------------------------------

  ALTER TABLE "MUNKAVALLALO_KATEGORIAK" ADD CONSTRAINT "MUNKAVALLALO_KATEGORIAK_FK1" FOREIGN KEY ("ID")
	  REFERENCES "MUNKAVALLALO" ("KAT_ID") ENABLE;
--------------------------------------------------------
--  Ref Constraints for Table ONELETRAJZ
--------------------------------------------------------

  ALTER TABLE "ONELETRAJZ" ADD CONSTRAINT "ONELETRAJZ_FK1" FOREIGN KEY ("SZEMELY_SZAM")
	  REFERENCES "MUNKAVALLALO" ("SZEMELY_SZAM") ENABLE;
--------------------------------------------------------
--  Ref Constraints for Table REGISTER
--------------------------------------------------------

  ALTER TABLE "REGISTER" ADD CONSTRAINT "REGISTER_FK1" FOREIGN KEY ("MV_ID")
	  REFERENCES "MUNKAVALLALO" ("SZEMELY_SZAM") ENABLE;
  ALTER TABLE "REGISTER" ADD CONSTRAINT "REGISTER_FK2" FOREIGN KEY ("MC_ID")
	  REFERENCES "MUNKALTATO_CEG" ("ADOSZAM") ENABLE;
  ALTER TABLE "REGISTER" ADD CONSTRAINT "REGISTER_FK3" FOREIGN KEY ("KV_ID")
	  REFERENCES "KOZVETITO" ("ADOSZAM") ENABLE;
--------------------------------------------------------
--  Ref Constraints for Table SZAKMAI_TAPASZTALAT
--------------------------------------------------------

  ALTER TABLE "SZAKMAI_TAPASZTALAT" ADD CONSTRAINT "SZAKMAI_TAPASZTALAT_FK1" FOREIGN KEY ("CV_ID")
	  REFERENCES "ONELETRAJZ" ("ID") ENABLE;
--------------------------------------------------------
--  Ref Constraints for Table TAPASZTALAT
--------------------------------------------------------

  ALTER TABLE "TAPASZTALAT" ADD CONSTRAINT "TAPASZTALAT_FK1" FOREIGN KEY ("SZEMELY_SZAM")
	  REFERENCES "MUNKAVALLALO" ("SZEMELY_SZAM") ENABLE;
